;item;Label;GENModel;GINEModel;GATModel
0;Data(x=[29, 11], edge_index=[2, 12], edge_attr=[12, 2], y=0.0, custom_label=0.0, min_label=0, max_label=12);0.0;0.007208703085780144;0.0033467616885900497;0.032558731734752655
1;Data(x=[26, 11], edge_index=[2, 12], edge_attr=[12, 2], y=5.0, custom_label=0.625, min_label=0, max_label=8);0.625;0.21061640977859497;0.25556427240371704;0.2316049188375473
2;Data(x=[27, 11], edge_index=[2, 10], edge_attr=[10, 2], y=0.0, custom_label=0.0, min_label=0, max_label=5);0.0;0.043096620589494705;0.010720846243202686;0.06490116566419601
3;Data(x=[16, 11], edge_index=[2, 6], edge_attr=[6, 2], y=4.0, custom_label=0.114285715, min_label=0, max_label=35);0.11428571492433548;0.3669692873954773;0.29559552669525146;0.451389342546463
4;Data(x=[23, 11], edge_index=[2, 10], edge_attr=[10, 2], y=0.0, custom_label=0.0, min_label=0, max_label=5);0.0;0.011600412428379059;0.0734025314450264;0.08372491598129272
5;Data(x=[32, 11], edge_index=[2, 8], edge_attr=[8, 2], y=92.0, custom_label=0.8598131, min_label=0, max_label=107);0.8598130941390991;0.6521527171134949;0.705671489238739;0.7443346381187439
6;Data(x=[41, 11], edge_index=[2, 8], edge_attr=[8, 2], y=53.0, custom_label=0.57608694, min_label=0, max_label=92);0.5760869383811951;0.6032595634460449;0.6614167094230652;0.7021308541297913
7;Data(x=[18, 11], edge_index=[2, 6], edge_attr=[6, 2], y=0.0, custom_label=0.0, min_label=0, max_label=49);0.0;0.06303293257951736;0.03765299171209335;0.14954917132854462
8;Data(x=[19, 11], edge_index=[2, 6], edge_attr=[6, 2], y=48.0, custom_label=0.9411765, min_label=0, max_label=51);0.9411764740943909;0.36846446990966797;0.36179831624031067;0.4401130676269531
9;Data(x=[25, 11], edge_index=[2, 10], edge_attr=[10, 2], y=0.0, custom_label=0.0, min_label=0, max_label=8);0.0;0.00852820836007595;0.006227678153663874;0.0445932075381279
10;Data(x=[47, 11], edge_index=[2, 10], edge_attr=[10, 2], y=23.0, custom_label=0.11675127, min_label=0, max_label=197);0.11675126850605011;0.32279106974601746;0.21664251387119293;0.2406265139579773
11;Data(x=[219, 11], edge_index=[2, 4], edge_attr=[4, 2], y=181.0, custom_label=0.42191142, min_label=0, max_label=429);0.42191141843795776;0.436363160610199;0.49462008476257324;0.4585927426815033
12;Data(x=[219, 11], edge_index=[2, 4], edge_attr=[4, 2], y=289.0, custom_label=0.6736597, min_label=0, max_label=429);0.6736596822738647;0.436363160610199;0.49462008476257324;0.4585927426815033
13;Data(x=[38, 11], edge_index=[2, 10], edge_attr=[10, 2], y=0.0, custom_label=0.0, min_label=0, max_label=6);0.0;0.060516588389873505;0.021150948479771614;0.099418506026268
14;Data(x=[46, 11], edge_index=[2, 8], edge_attr=[8, 2], y=132.0, custom_label=0.9041096, min_label=0, max_label=146);0.9041095972061157;0.5837333798408508;0.6355159282684326;0.6807403564453125
15;Data(x=[24, 11], edge_index=[2, 10], edge_attr=[10, 2], y=0.0, custom_label=0.0, min_label=0, max_label=10);0.0;0.013575112447142601;0.008454256691038609;0.04670199751853943
16;Data(x=[22, 11], edge_index=[2, 10], edge_attr=[10, 2], y=0.0, custom_label=0.0, min_label=0, max_label=8);0.0;0.04290549084544182;0.03215091675519943;0.06017919257283211
17;Data(x=[33, 11], edge_index=[2, 18], edge_attr=[18, 2], y=6.0, custom_label=0.24, min_label=0, max_label=25);0.23999999463558197;0.03534189984202385;0.18189601600170135;0.16976913809776306
18;Data(x=[219, 11], edge_index=[2, 4], edge_attr=[4, 2], y=341.0, custom_label=0.7948718, min_label=0, max_label=429);0.7948718070983887;0.436363160610199;0.49462008476257324;0.4585927426815033
19;Data(x=[38, 11], edge_index=[2, 10], edge_attr=[10, 2], y=17.0, custom_label=0.19318181, min_label=0, max_label=88);0.1931818127632141;0.36677414178848267;0.38515228033065796;0.3648434579372406
20;Data(x=[14, 11], edge_index=[2, 6], edge_attr=[6, 2], y=2.0, custom_label=0.039215688, min_label=0, max_label=51);0.03921568766236305;0.36846446990966797;0.2687406539916992;0.48111492395401
21;Data(x=[10, 11], edge_index=[2, 6], edge_attr=[6, 2], y=0.0, custom_label=0.0, min_label=0, max_label=35);0.0;0.037255484610795975;0.05350266769528389;0.1851266473531723
22;Data(x=[25, 11], edge_index=[2, 10], edge_attr=[10, 2], y=0.0, custom_label=0.0, min_label=0, max_label=10);0.0;0.08013387769460678;0.03376343101263046;0.08278889954090118
23;Data(x=[33, 11], edge_index=[2, 18], edge_attr=[18, 2], y=3.0, custom_label=0.12, min_label=0, max_label=25);0.11999999731779099;0.004994901362806559;0.2904370129108429;0.06628259271383286
24;Data(x=[24, 11], edge_index=[2, 10], edge_attr=[10, 2], y=8.0, custom_label=0.8, min_label=0, max_label=10);0.800000011920929;0.2355705201625824;0.2706696391105652;0.2900955080986023
25;Data(x=[219, 11], edge_index=[2, 4], edge_attr=[4, 2], y=229.0, custom_label=0.5337995, min_label=0, max_label=429);0.5337995290756226;0.436363160610199;0.49462008476257324;0.4585927426815033
26;Data(x=[37, 11], edge_index=[2, 24], edge_attr=[24, 2], y=25.0, custom_label=0.65789473, min_label=0, max_label=38);0.6578947305679321;0.32954758405685425;0.44070684909820557;0.39071765542030334
27;Data(x=[39, 11], edge_index=[2, 10], edge_attr=[10, 2], y=40.0, custom_label=0.3773585, min_label=0, max_label=106);0.37735849618911743;0.3988020420074463;0.4884434640407562;0.4773659110069275
28;Data(x=[28, 11], edge_index=[2, 10], edge_attr=[10, 2], y=0.0, custom_label=0.0, min_label=0, max_label=5);0.0;0.07570301741361618;0.08736398816108704;0.07537093758583069
29;Data(x=[29, 11], edge_index=[2, 12], edge_attr=[12, 2], y=0.0, custom_label=0.0, min_label=0, max_label=8);0.0;0.03223207965493202;0.019138671457767487;0.04448859766125679
30;Data(x=[39, 11], edge_index=[2, 10], edge_attr=[10, 2], y=85.0, custom_label=0.8018868, min_label=0, max_label=106);0.801886796951294;0.6576818227767944;0.7916178107261658;0.7471721768379211
31;Data(x=[48, 11], edge_index=[2, 24], edge_attr=[24, 2], y=26.0, custom_label=0.68421054, min_label=0, max_label=38);0.6842105388641357;0.080620177090168;0.7392517328262329;0.11517050862312317
32;Data(x=[26, 11], edge_index=[2, 10], edge_attr=[10, 2], y=0.0, custom_label=0.0, min_label=0, max_label=5);0.0;0.00997456256300211;0.006171807646751404;0.04677613079547882
33;Data(x=[34, 11], edge_index=[2, 8], edge_attr=[8, 2], y=3.0, custom_label=0.036144577, min_label=0, max_label=83);0.03614457696676254;0.34936603903770447;0.2762894630432129;0.2924842834472656
34;Data(x=[13, 11], edge_index=[2, 6], edge_attr=[6, 2], y=1.0, custom_label=0.028571429, min_label=0, max_label=35);0.02857142873108387;0.36846446990966797;0.3659883439540863;0.4850500524044037
35;Data(x=[50, 11], edge_index=[2, 26], edge_attr=[26, 2], y=14.0, custom_label=0.8235294, min_label=0, max_label=17);0.8235294222831726;0.027882590889930725;0.6351078748703003;0.029117422178387642
36;Data(x=[24, 11], edge_index=[2, 12], edge_attr=[12, 2], y=0.0, custom_label=0.0, min_label=0, max_label=7);0.0;0.0011362404329702258;0.0005732157733291388;0.020494483411312103
37;Data(x=[24, 11], edge_index=[2, 10], edge_attr=[10, 2], y=0.0, custom_label=0.0, min_label=0, max_label=17);0.0;0.004123890306800604;0.009773501195013523;0.09834317862987518
38;Data(x=[25, 11], edge_index=[2, 10], edge_attr=[10, 2], y=0.0, custom_label=0.0, min_label=0, max_label=8);0.0;0.015670157968997955;0.008353815414011478;0.04887523502111435
39;Data(x=[17, 11], edge_index=[2, 8], edge_attr=[8, 2], y=0.0, custom_label=0.0, min_label=0, max_label=35);0.0;0.08370378613471985;0.06401152908802032;0.10935765504837036
40;Data(x=[24, 11], edge_index=[2, 10], edge_attr=[10, 2], y=0.0, custom_label=0.0, min_label=0, max_label=10);0.0;0.052245497703552246;0.030724627897143364;0.06463120132684708
41;Data(x=[24, 11], edge_index=[2, 12], edge_attr=[12, 2], y=1.0, custom_label=0.16666667, min_label=0, max_label=6);0.1666666716337204;0.1182529479265213;0.20573657751083374;0.21266835927963257
42;Data(x=[21, 11], edge_index=[2, 10], edge_attr=[10, 2], y=0.0, custom_label=0.0, min_label=0, max_label=5);0.0;0.03830740973353386;0.03296123817563057;0.057765696197748184
43;Data(x=[46, 11], edge_index=[2, 8], edge_attr=[8, 2], y=111.0, custom_label=0.760274, min_label=0, max_label=146);0.7602739930152893;0.5837333798408508;0.6355159282684326;0.6807403564453125
44;Data(x=[16, 11], edge_index=[2, 8], edge_attr=[8, 2], y=4.0, custom_label=0.114285715, min_label=0, max_label=35);0.11428571492433548;0.4024692177772522;0.44119805097579956;0.5812188982963562
45;Data(x=[34, 11], edge_index=[2, 8], edge_attr=[8, 2], y=0.0, custom_label=0.0, min_label=0, max_label=69);0.0;0.12376774102449417;0.04899199306964874;0.1277601271867752
46;Data(x=[39, 11], edge_index=[2, 10], edge_attr=[10, 2], y=86.0, custom_label=0.8113208, min_label=0, max_label=106);0.8113207817077637;0.6576818227767944;0.7916178107261658;0.7471721768379211
47;Data(x=[39, 11], edge_index=[2, 10], edge_attr=[10, 2], y=67.0, custom_label=0.6320755, min_label=0, max_label=106);0.6320754885673523;0.3988020122051239;0.4884434640407562;0.4773659110069275
48;Data(x=[48, 11], edge_index=[2, 24], edge_attr=[24, 2], y=9.0, custom_label=0.23684211, min_label=0, max_label=38);0.2368421107530594;0.080620177090168;0.7392517328262329;0.11517050862312317
49;Data(x=[15, 11], edge_index=[2, 6], edge_attr=[6, 2], y=0.0, custom_label=0.0, min_label=0, max_label=49);0.0;0.23189544677734375;0.07959137111902237;0.21480095386505127
50;Data(x=[46, 11], edge_index=[2, 8], edge_attr=[8, 2], y=9.0, custom_label=0.061643835, min_label=0, max_label=146);0.06164383515715599;0.3749110698699951;0.36188921332359314;0.36517593264579773
51;Data(x=[32, 11], edge_index=[2, 10], edge_attr=[10, 2], y=3.0, custom_label=0.375, min_label=0, max_label=8);0.375;0.35510390996932983;0.4479236304759979;0.3289516270160675
52;Data(x=[27, 11], edge_index=[2, 10], edge_attr=[10, 2], y=0.0, custom_label=0.0, min_label=0, max_label=8);0.0;0.020192719995975494;0.020977608859539032;0.07712879776954651
53;Data(x=[32, 11], edge_index=[2, 12], edge_attr=[12, 2], y=3.0, custom_label=0.375, min_label=0, max_label=8);0.375;0.15692105889320374;0.23928749561309814;0.19213184714317322
54;Data(x=[20, 11], edge_index=[2, 10], edge_attr=[10, 2], y=0.0, custom_label=0.0, min_label=0, max_label=10);0.0;0.0030682175420224667;0.006515548098832369;0.033183351159095764
55;Data(x=[14, 11], edge_index=[2, 6], edge_attr=[6, 2], y=0.0, custom_label=0.0, min_label=0, max_label=49);0.0;0.21929992735385895;0.12183666229248047;0.22658193111419678
56;Data(x=[12, 11], edge_index=[2, 6], edge_attr=[6, 2], y=0.0, custom_label=0.0, min_label=0, max_label=51);0.0;0.04373560845851898;0.05434974282979965;0.1675516813993454
57;Data(x=[219, 11], edge_index=[2, 4], edge_attr=[4, 2], y=79.0, custom_label=0.18414919, min_label=0, max_label=429);0.18414919078350067;0.436363160610199;0.49462008476257324;0.4585927426815033
58;Data(x=[35, 11], edge_index=[2, 10], edge_attr=[10, 2], y=0.0, custom_label=0.0, min_label=0, max_label=6);0.0;0.027087757363915443;0.00569021375849843;0.06501682102680206
59;Data(x=[41, 11], edge_index=[2, 8], edge_attr=[8, 2], y=40.0, custom_label=0.4347826, min_label=0, max_label=92);0.43478259444236755;0.6032595634460449;0.6614167094230652;0.7021308541297913
60;Data(x=[46, 11], edge_index=[2, 8], edge_attr=[8, 2], y=74.0, custom_label=0.5068493, min_label=0, max_label=146);0.5068492889404297;0.5837333798408508;0.6355159282684326;0.6807403564453125
61;Data(x=[47, 11], edge_index=[2, 10], edge_attr=[10, 2], y=32.0, custom_label=0.16243654, min_label=0, max_label=197);0.16243654489517212;0.32279106974601746;0.21664251387119293;0.2406265139579773
62;Data(x=[219, 11], edge_index=[2, 4], edge_attr=[4, 2], y=293.0, custom_label=0.6829837, min_label=0, max_label=429);0.6829836964607239;0.436363160610199;0.49462008476257324;0.4585927426815033
63;Data(x=[46, 11], edge_index=[2, 8], edge_attr=[8, 2], y=60.0, custom_label=0.41095892, min_label=0, max_label=146);0.4109589159488678;0.5837333798408508;0.6355159282684326;0.6807403564453125
64;Data(x=[219, 11], edge_index=[2, 4], edge_attr=[4, 2], y=334.0, custom_label=0.7785548, min_label=0, max_label=429);0.7785547971725464;0.436363160610199;0.49462008476257324;0.4585927426815033
65;Data(x=[26, 11], edge_index=[2, 6], edge_attr=[6, 2], y=23.0, custom_label=0.46938777, min_label=0, max_label=49);0.4693877696990967;0.36846446990966797;0.33740201592445374;0.3752962350845337
66;Data(x=[13, 11], edge_index=[2, 6], edge_attr=[6, 2], y=0.0, custom_label=0.0, min_label=0, max_label=51);0.0;0.21061640977859497;0.1217535063624382;0.2316049188375473
67;Data(x=[34, 11], edge_index=[2, 8], edge_attr=[8, 2], y=1.0, custom_label=0.012048192, min_label=0, max_label=83);0.012048192322254181;0.34936603903770447;0.2762894630432129;0.2924842834472656
68;Data(x=[41, 11], edge_index=[2, 8], edge_attr=[8, 2], y=52.0, custom_label=0.5652174, min_label=0, max_label=92);0.5652173757553101;0.6032595634460449;0.6614167094230652;0.7021308541297913
69;Data(x=[24, 11], edge_index=[2, 10], edge_attr=[10, 2], y=7.0, custom_label=0.7, min_label=0, max_label=10);0.699999988079071;0.3233545422554016;0.2507210075855255;0.2823069095611572
70;Data(x=[32, 11], edge_index=[2, 18], edge_attr=[18, 2], y=0.0, custom_label=0.0, min_label=0, max_label=25);0.0;0.0007109068101271987;0.02265683189034462;0.014377430081367493
71;Data(x=[38, 11], edge_index=[2, 10], edge_attr=[10, 2], y=80.0, custom_label=0.90909094, min_label=0, max_label=88);0.9090909361839294;0.36677414178848267;0.38515228033065796;0.3648434579372406
72;Data(x=[38, 11], edge_index=[2, 10], edge_attr=[10, 2], y=9.0, custom_label=0.10227273, min_label=0, max_label=88);0.10227272659540176;0.314588338136673;0.234388530254364;0.2502708435058594
73;Data(x=[48, 11], edge_index=[2, 26], edge_attr=[26, 2], y=14.0, custom_label=0.8235294, min_label=0, max_label=17);0.8235294222831726;0.1567206233739853;0.5632167458534241;0.2936205565929413
74;Data(x=[32, 11], edge_index=[2, 8], edge_attr=[8, 2], y=14.0, custom_label=0.13084112, min_label=0, max_label=107);0.13084112107753754;0.34834837913513184;0.2819455564022064;0.2979952394962311
75;Data(x=[26, 11], edge_index=[2, 6], edge_attr=[6, 2], y=19.0, custom_label=0.3877551, min_label=0, max_label=49);0.3877550959587097;0.36846446990966797;0.33740201592445374;0.3752962350845337
76;Data(x=[16, 11], edge_index=[2, 8], edge_attr=[8, 2], y=0.0, custom_label=0.0, min_label=0, max_label=35);0.0;0.013511317782104015;0.02150673419237137;0.06725984066724777
77;Data(x=[12, 11], edge_index=[2, 6], edge_attr=[6, 2], y=0.0, custom_label=0.0, min_label=0, max_label=35);0.0;0.05657479912042618;0.05249755457043648;0.17988716065883636
78;Data(x=[34, 11], edge_index=[2, 8], edge_attr=[8, 2], y=4.0, custom_label=0.04819277, min_label=0, max_label=83);0.048192769289016724;0.34936603903770447;0.2762894630432129;0.2924842834472656
79;Data(x=[32, 11], edge_index=[2, 10], edge_attr=[10, 2], y=29.0, custom_label=0.30526316, min_label=0, max_label=95);0.3052631616592407;0.40225568413734436;0.5268094539642334;0.5281952619552612
80;Data(x=[19, 11], edge_index=[2, 6], edge_attr=[6, 2], y=12.0, custom_label=0.23529412, min_label=0, max_label=51);0.23529411852359772;0.36846446990966797;0.36179831624031067;0.4401130676269531
81;Data(x=[32, 11], edge_index=[2, 8], edge_attr=[8, 2], y=85.0, custom_label=0.7943925, min_label=0, max_label=107);0.7943925261497498;0.6521527171134949;0.705671489238739;0.7443346381187439
82;Data(x=[25, 11], edge_index=[2, 12], edge_attr=[12, 2], y=0.0, custom_label=0.0, min_label=0, max_label=6);0.0;0.008437360636889935;0.002719527343288064;0.032057516276836395
83;Data(x=[41, 11], edge_index=[2, 8], edge_attr=[8, 2], y=36.0, custom_label=0.39130434, min_label=0, max_label=92);0.3913043439388275;0.6032595634460449;0.6614167094230652;0.7021308541297913
84;Data(x=[46, 11], edge_index=[2, 8], edge_attr=[8, 2], y=33.0, custom_label=0.2260274, min_label=0, max_label=146);0.22602739930152893;0.5837333798408508;0.6355159282684326;0.6807403564453125
85;Data(x=[38, 11], edge_index=[2, 10], edge_attr=[10, 2], y=31.0, custom_label=0.35227272, min_label=0, max_label=88);0.35227271914482117;0.39921697974205017;0.49389541149139404;0.484088659286499
86;Data(x=[21, 11], edge_index=[2, 10], edge_attr=[10, 2], y=0.0, custom_label=0.0, min_label=0, max_label=8);0.0;0.0027175298891961575;0.002545638708397746;0.03370863199234009
87;Data(x=[47, 11], edge_index=[2, 10], edge_attr=[10, 2], y=0.0, custom_label=0.0, min_label=0, max_label=6);0.0;0.08780575543642044;0.019350089132785797;0.10966131091117859
88;Data(x=[14, 11], edge_index=[2, 6], edge_attr=[6, 2], y=0.0, custom_label=0.0, min_label=0, max_label=51);0.0;0.22446444630622864;0.0797705352306366;0.2184777706861496
89;Data(x=[26, 11], edge_index=[2, 6], edge_attr=[6, 2], y=32.0, custom_label=0.6530612, min_label=0, max_label=49);0.6530612111091614;0.6353222131729126;0.599115252494812;0.733873724937439
90;Data(x=[24, 11], edge_index=[2, 10], edge_attr=[10, 2], y=0.0, custom_label=0.0, min_label=0, max_label=5);0.0;0.03207116201519966;0.010899397544562817;0.05886205658316612
91;Data(x=[28, 11], edge_index=[2, 12], edge_attr=[12, 2], y=0.0, custom_label=0.0, min_label=0, max_label=6);0.0;0.004711942281574011;0.002808364573866129;0.02956368401646614
92;Data(x=[37, 11], edge_index=[2, 10], edge_attr=[10, 2], y=1.0, custom_label=0.125, min_label=0, max_label=8);0.125;0.18392200767993927;0.27493852376937866;0.23841318488121033
93;Data(x=[30, 11], edge_index=[2, 10], edge_attr=[10, 2], y=0.0, custom_label=0.0, min_label=0, max_label=10);0.0;0.0692543312907219;0.01726887933909893;0.07339166104793549
94;Data(x=[219, 11], edge_index=[2, 4], edge_attr=[4, 2], y=163.0, custom_label=0.37995338, min_label=0, max_label=429);0.37995338439941406;0.436363160610199;0.49462008476257324;0.4585927426815033
95;Data(x=[36, 11], edge_index=[2, 24], edge_attr=[24, 2], y=13.0, custom_label=0.34210527, min_label=0, max_label=38);0.34210526943206787;0.07684990763664246;0.22533056139945984;0.11650095880031586
96;Data(x=[27, 11], edge_index=[2, 8], edge_attr=[8, 2], y=0.0, custom_label=0.0, min_label=0, max_label=69);0.0;0.04351092875003815;0.018470773473381996;0.08974648267030716
97;Data(x=[33, 11], edge_index=[2, 18], edge_attr=[18, 2], y=0.0, custom_label=0.0, min_label=0, max_label=25);0.0;0.0006877917912788689;0.0003981440095230937;0.012787924148142338
98;Data(x=[50, 11], edge_index=[2, 26], edge_attr=[26, 2], y=10.0, custom_label=0.5882353, min_label=0, max_label=17);0.5882353186607361;0.015866762027144432;0.4608909487724304;0.034301795065402985
99;Data(x=[41, 11], edge_index=[2, 8], edge_attr=[8, 2], y=2.0, custom_label=0.02173913, min_label=0, max_label=92);0.021739130839705467;0.3521530330181122;0.2637968957424164;0.2776586413383484
100;Data(x=[13, 11], edge_index=[2, 6], edge_attr=[6, 2], y=2.0, custom_label=0.057142857, min_label=0, max_label=35);0.05714285746216774;0.36846446990966797;0.3659883439540863;0.4850500524044037
101;Data(x=[47, 11], edge_index=[2, 10], edge_attr=[10, 2], y=104.0, custom_label=0.52791876, min_label=0, max_label=197);0.5279187560081482;0.6192594170570374;0.7583250403404236;0.719153642654419
102;Data(x=[38, 11], edge_index=[2, 10], edge_attr=[10, 2], y=88.0, custom_label=1.0, min_label=0, max_label=88);1.0;0.36677414178848267;0.38515228033065796;0.3648434579372406
103;Data(x=[30, 11], edge_index=[2, 10], edge_attr=[10, 2], y=0.0, custom_label=0.0, min_label=0, max_label=5);0.0;0.0692543312907219;0.01726887933909893;0.07339168339967728
104;Data(x=[44, 11], edge_index=[2, 26], edge_attr=[26, 2], y=9.0, custom_label=0.5294118, min_label=0, max_label=17);0.529411792755127;0.0029963667038828135;0.18029290437698364;0.028093140572309494
105;Data(x=[21, 11], edge_index=[2, 8], edge_attr=[8, 2], y=0.0, custom_label=0.0, min_label=0, max_label=92);0.0;0.11344248801469803;0.06137199327349663;0.11432129889726639
106;Data(x=[32, 11], edge_index=[2, 10], edge_attr=[10, 2], y=6.0, custom_label=0.75, min_label=0, max_label=8);0.75;0.35511282086372375;0.4555679261684418;0.36443838477134705
107;Data(x=[34, 11], edge_index=[2, 10], edge_attr=[10, 2], y=0.0, custom_label=0.0, min_label=0, max_label=8);0.0;0.09715784341096878;0.02681128680706024;0.0836407020688057
108;Data(x=[26, 11], edge_index=[2, 6], edge_attr=[6, 2], y=17.0, custom_label=0.3469388, min_label=0, max_label=49);0.3469387888908386;0.36846446990966797;0.33740201592445374;0.3752962350845337
109;Data(x=[47, 11], edge_index=[2, 10], edge_attr=[10, 2], y=46.0, custom_label=0.23350254, min_label=0, max_label=197);0.23350253701210022;0.32279106974601746;0.21664251387119293;0.2406265139579773
110;Data(x=[24, 11], edge_index=[2, 16], edge_attr=[16, 2], y=0.0, custom_label=0.0, min_label=0, max_label=13);0.0;1.7386571926181205e-05;0.0007358522270806134;0.01923387683928013
111;Data(x=[41, 11], edge_index=[2, 10], edge_attr=[10, 2], y=0.0, custom_label=0.0, min_label=0, max_label=6);0.0;0.04908854886889458;0.0067886775359511375;0.07693760097026825
112;Data(x=[219, 11], edge_index=[2, 4], edge_attr=[4, 2], y=3.0, custom_label=0.006993007, min_label=0, max_label=429);0.00699300691485405;0.436363160610199;0.49462008476257324;0.4585927426815033
113;Data(x=[34, 11], edge_index=[2, 8], edge_attr=[8, 2], y=64.0, custom_label=0.7710843, min_label=0, max_label=83);0.7710843086242676;0.6393139958381653;0.6960878968238831;0.7367822527885437
114;Data(x=[46, 11], edge_index=[2, 8], edge_attr=[8, 2], y=77.0, custom_label=0.5273973, min_label=0, max_label=146);0.5273972749710083;0.5837333798408508;0.6355159282684326;0.6807403564453125
115;Data(x=[46, 11], edge_index=[2, 8], edge_attr=[8, 2], y=20.0, custom_label=0.1369863, min_label=0, max_label=146);0.13698630034923553;0.3749110698699951;0.36188921332359314;0.36517593264579773
116;Data(x=[29, 11], edge_index=[2, 10], edge_attr=[10, 2], y=1.0, custom_label=0.2, min_label=0, max_label=5);0.20000000298023224;0.24554762244224548;0.17970746755599976;0.2543959319591522
117;Data(x=[13, 11], edge_index=[2, 6], edge_attr=[6, 2], y=0.0, custom_label=0.0, min_label=0, max_label=35);0.0;0.005983273033052683;0.04272213950753212;0.23749563097953796
118;Data(x=[21, 11], edge_index=[2, 8], edge_attr=[8, 2], y=1.0, custom_label=0.028571429, min_label=0, max_label=35);0.02857142873108387;0.3393480181694031;0.3177042007446289;0.36758875846862793
119;Data(x=[26, 11], edge_index=[2, 12], edge_attr=[12, 2], y=0.0, custom_label=0.0, min_label=0, max_label=8);0.0;0.038479071110486984;0.03137943521142006;0.0502844974398613
120;Data(x=[22, 11], edge_index=[2, 6], edge_attr=[6, 2], y=1.0, custom_label=0.028571429, min_label=0, max_label=35);0.02857142873108387;0.36846446990966797;0.34985125064849854;0.4083312153816223
121;Data(x=[25, 11], edge_index=[2, 12], edge_attr=[12, 2], y=0.0, custom_label=0.0, min_label=0, max_label=6);0.0;0.003647299949079752;0.003521587233990431;0.02552803047001362
122;Data(x=[22, 11], edge_index=[2, 10], edge_attr=[10, 2], y=0.0, custom_label=0.0, min_label=0, max_label=10);0.0;0.013816062361001968;0.06782474368810654;0.0859764814376831
123;Data(x=[32, 11], edge_index=[2, 16], edge_attr=[16, 2], y=0.0, custom_label=0.0, min_label=0, max_label=13);0.0;0.005487413611263037;0.002647493500262499;0.018595699220895767
124;Data(x=[34, 11], edge_index=[2, 8], edge_attr=[8, 2], y=11.0, custom_label=0.13253012, min_label=0, max_label=83);0.1325301229953766;0.34936603903770447;0.2762894630432129;0.2924842834472656
125;Data(x=[24, 11], edge_index=[2, 10], edge_attr=[10, 2], y=0.0, custom_label=0.0, min_label=0, max_label=8);0.0;0.21860376000404358;0.08315694332122803;0.10678597539663315
126;Data(x=[47, 11], edge_index=[2, 10], edge_attr=[10, 2], y=31.0, custom_label=0.1573604, min_label=0, max_label=197);0.15736040472984314;0.32279106974601746;0.21664251387119293;0.2406265139579773
127;Data(x=[24, 11], edge_index=[2, 10], edge_attr=[10, 2], y=0.0, custom_label=0.0, min_label=0, max_label=10);0.0;0.009888180531561375;0.008320029824972153;0.04453319311141968
128;Data(x=[41, 11], edge_index=[2, 8], edge_attr=[8, 2], y=33.0, custom_label=0.35869566, min_label=0, max_label=92);0.3586956560611725;0.6032595634460449;0.6614167094230652;0.7021308541297913
129;Data(x=[29, 11], edge_index=[2, 12], edge_attr=[12, 2], y=0.0, custom_label=0.0, min_label=0, max_label=6);0.0;0.002682179445400834;0.038680799305438995;0.04331786185503006
130;Data(x=[28, 11], edge_index=[2, 10], edge_attr=[10, 2], y=1.0, custom_label=0.2, min_label=0, max_label=5);0.20000000298023224;0.2532784044742584;0.29919230937957764;0.24557125568389893
131;Data(x=[25, 11], edge_index=[2, 12], edge_attr=[12, 2], y=2.0, custom_label=0.33333334, min_label=0, max_label=6);0.3333333432674408;0.10430697351694107;0.1776450127363205;0.19273777306079865
132;Data(x=[19, 11], edge_index=[2, 6], edge_attr=[6, 2], y=13.0, custom_label=0.25490198, min_label=0, max_label=51);0.2549019753932953;0.36846446990966797;0.36179831624031067;0.4401130676269531
133;Data(x=[50, 11], edge_index=[2, 8], edge_attr=[8, 2], y=69.0, custom_label=1.0, min_label=0, max_label=69);1.0;0.5707758665084839;0.6157702207565308;0.6675325036048889
134;Data(x=[41, 11], edge_index=[2, 8], edge_attr=[8, 2], y=51.0, custom_label=0.5543478, min_label=0, max_label=92);0.554347813129425;0.6032595634460449;0.6614167094230652;0.7021308541297913
135;Data(x=[31, 11], edge_index=[2, 10], edge_attr=[10, 2], y=2.0, custom_label=0.25, min_label=0, max_label=8);0.25;0.2519108057022095;0.17979860305786133;0.24836978316307068
136;Data(x=[47, 11], edge_index=[2, 10], edge_attr=[10, 2], y=62.0, custom_label=0.3147208, min_label=0, max_label=197);0.3147208094596863;0.3961215913295746;0.44544991850852966;0.4294131398200989
137;Data(x=[26, 11], edge_index=[2, 10], edge_attr=[10, 2], y=0.0, custom_label=0.0, min_label=0, max_label=8);0.0;0.05221603438258171;0.017777642235159874;0.0657535120844841
138;Data(x=[37, 11], edge_index=[2, 24], edge_attr=[24, 2], y=5.0, custom_label=0.13157895, min_label=0, max_label=38);0.1315789520740509;0.18159091472625732;0.4724109172821045;0.3250921368598938
139;Data(x=[23, 11], edge_index=[2, 10], edge_attr=[10, 2], y=0.0, custom_label=0.0, min_label=0, max_label=10);0.0;0.011600412428379059;0.0734025090932846;0.08372491598129272
140;Data(x=[26, 11], edge_index=[2, 10], edge_attr=[10, 2], y=0.0, custom_label=0.0, min_label=0, max_label=5);0.0;0.06492310762405396;0.009156037122011185;0.08107692748308182
141;Data(x=[23, 11], edge_index=[2, 10], edge_attr=[10, 2], y=0.0, custom_label=0.0, min_label=0, max_label=8);0.0;0.0394398458302021;0.018171081319451332;0.05948859825730324
142;Data(x=[32, 11], edge_index=[2, 12], edge_attr=[12, 2], y=0.0, custom_label=0.0, min_label=0, max_label=12);0.0;0.008455852046608925;0.0026802322827279568;0.03642602264881134
143;Data(x=[30, 11], edge_index=[2, 12], edge_attr=[12, 2], y=2.0, custom_label=0.25, min_label=0, max_label=8);0.25;0.19857968389987946;0.4057334065437317;0.22449597716331482
144;Data(x=[44, 11], edge_index=[2, 26], edge_attr=[26, 2], y=7.0, custom_label=0.4117647, min_label=0, max_label=17);0.4117647111415863;0.0029963667038828135;0.18029287457466125;0.028093133121728897
145;Data(x=[19, 11], edge_index=[2, 6], edge_attr=[6, 2], y=7.0, custom_label=0.14285715, min_label=0, max_label=49);0.1428571492433548;0.3667893707752228;0.29638949036598206;0.41559767723083496
146;Data(x=[11, 11], edge_index=[2, 6], edge_attr=[6, 2], y=0.0, custom_label=0.0, min_label=0, max_label=35);0.0;0.03534191474318504;0.05485939607024193;0.16976913809776306
147;Data(x=[39, 11], edge_index=[2, 10], edge_attr=[10, 2], y=102.0, custom_label=0.9622642, min_label=0, max_label=106);0.9622641801834106;0.3988020122051239;0.4884434640407562;0.4773659110069275
148;Data(x=[15, 11], edge_index=[2, 6], edge_attr=[6, 2], y=0.0, custom_label=0.0, min_label=0, max_label=49);0.0;0.22703152894973755;0.12224581837654114;0.22258195281028748
149;Data(x=[38, 11], edge_index=[2, 10], edge_attr=[10, 2], y=24.0, custom_label=0.27272728, min_label=0, max_label=88);0.27272728085517883;0.39921697974205017;0.49389541149139404;0.484088659286499
150;Data(x=[32, 11], edge_index=[2, 18], edge_attr=[18, 2], y=1.0, custom_label=0.04, min_label=0, max_label=25);0.03999999910593033;0.01696939393877983;0.08573753386735916;0.07342849671840668
151;Data(x=[39, 11], edge_index=[2, 10], edge_attr=[10, 2], y=90.0, custom_label=0.8490566, min_label=0, max_label=106);0.849056601524353;0.6576818227767944;0.7916178107261658;0.7471721768379211
152;Data(x=[41, 11], edge_index=[2, 8], edge_attr=[8, 2], y=88.0, custom_label=0.95652175, min_label=0, max_label=92);0.95652174949646;0.6032595634460449;0.6614167094230652;0.7021308541297913
153;Data(x=[46, 11], edge_index=[2, 8], edge_attr=[8, 2], y=120.0, custom_label=0.82191783, min_label=0, max_label=146);0.8219178318977356;0.5837333798408508;0.6355159282684326;0.6807403564453125
154;Data(x=[42, 11], edge_index=[2, 10], edge_attr=[10, 2], y=0.0, custom_label=0.0, min_label=0, max_label=6);0.0;0.05173107609152794;0.00672150170430541;0.07839204370975494
155;Data(x=[45, 11], edge_index=[2, 26], edge_attr=[26, 2], y=10.0, custom_label=0.5882353, min_label=0, max_label=17);0.5882353186607361;0.0033574383705854416;0.3640419840812683;0.06393492221832275
156;Data(x=[47, 11], edge_index=[2, 10], edge_attr=[10, 2], y=86.0, custom_label=0.43654823, min_label=0, max_label=197);0.43654823303222656;0.3961215913295746;0.44544991850852966;0.4294131398200989
157;Data(x=[32, 11], edge_index=[2, 8], edge_attr=[8, 2], y=49.0, custom_label=0.45794392, min_label=0, max_label=107);0.4579439163208008;0.376162588596344;0.4191814064979553;0.43952688574790955
158;Data(x=[219, 11], edge_index=[2, 4], edge_attr=[4, 2], y=22.0, custom_label=0.051282052, min_label=0, max_label=429);0.05128205195069313;0.436363160610199;0.49462008476257324;0.4585927426815033
159;Data(x=[47, 11], edge_index=[2, 10], edge_attr=[10, 2], y=5.0, custom_label=0.02538071, min_label=0, max_label=197);0.025380710139870644;0.3665933907032013;0.3470456302165985;0.3281892240047455
160;Data(x=[50, 11], edge_index=[2, 8], edge_attr=[8, 2], y=9.0, custom_label=0.13043478, min_label=0, max_label=69);0.1304347813129425;0.37468239665031433;0.3557159900665283;0.35476863384246826
161;Data(x=[46, 11], edge_index=[2, 8], edge_attr=[8, 2], y=62.0, custom_label=0.42465752, min_label=0, max_label=146);0.42465752363204956;0.5837333798408508;0.6355159282684326;0.6807403564453125
162;Data(x=[219, 11], edge_index=[2, 4], edge_attr=[4, 2], y=13.0, custom_label=0.030303031, min_label=0, max_label=429);0.03030303120613098;0.436363160610199;0.49462008476257324;0.4585927426815033
163;Data(x=[47, 11], edge_index=[2, 10], edge_attr=[10, 2], y=63.0, custom_label=0.31979695, min_label=0, max_label=197);0.31979694962501526;0.3961215913295746;0.44544991850852966;0.4294131398200989
164;Data(x=[47, 11], edge_index=[2, 10], edge_attr=[10, 2], y=7.0, custom_label=0.035532996, min_label=0, max_label=197);0.03553299605846405;0.3665933907032013;0.3470456302165985;0.3281892240047455
165;Data(x=[32, 11], edge_index=[2, 8], edge_attr=[8, 2], y=82.0, custom_label=0.76635516, min_label=0, max_label=107);0.7663551568984985;0.6521527171134949;0.705671489238739;0.7443346381187439
166;Data(x=[29, 11], edge_index=[2, 12], edge_attr=[12, 2], y=0.0, custom_label=0.0, min_label=0, max_label=8);0.0;0.024907134473323822;0.00782937090843916;0.04276832565665245
167;Data(x=[34, 11], edge_index=[2, 8], edge_attr=[8, 2], y=70.0, custom_label=0.8433735, min_label=0, max_label=83);0.8433734774589539;0.6393139958381653;0.6960878968238831;0.7367822527885437
168;Data(x=[50, 11], edge_index=[2, 8], edge_attr=[8, 2], y=25.0, custom_label=0.36231884, min_label=0, max_label=69);0.36231884360313416;0.37468239665031433;0.3557159900665283;0.35476863384246826
169;Data(x=[219, 11], edge_index=[2, 4], edge_attr=[4, 2], y=168.0, custom_label=0.3916084, min_label=0, max_label=429);0.3916083872318268;0.436363160610199;0.49462008476257324;0.4585927426815033
170;Data(x=[16, 11], edge_index=[2, 8], edge_attr=[8, 2], y=3.0, custom_label=0.08571429, min_label=0, max_label=35);0.08571428805589676;0.32646873593330383;0.2920076549053192;0.3808065354824066
171;Data(x=[31, 11], edge_index=[2, 12], edge_attr=[12, 2], y=10.0, custom_label=0.8333333, min_label=0, max_label=12);0.8333333134651184;0.13501732051372528;0.1714235544204712;0.18388232588768005
172;Data(x=[25, 11], edge_index=[2, 10], edge_attr=[10, 2], y=0.0, custom_label=0.0, min_label=0, max_label=5);0.0;0.00852820836007595;0.006227678153663874;0.0445932075381279
173;Data(x=[27, 11], edge_index=[2, 10], edge_attr=[10, 2], y=0.0, custom_label=0.0, min_label=0, max_label=5);0.0;0.05650538578629494;0.017648357897996902;0.06764135509729385
174;Data(x=[25, 11], edge_index=[2, 10], edge_attr=[10, 2], y=0.0, custom_label=0.0, min_label=0, max_label=5);0.0;0.056938111782073975;0.030133791267871857;0.06668572127819061
175;Data(x=[47, 11], edge_index=[2, 10], edge_attr=[10, 2], y=28.0, custom_label=0.14213198, min_label=0, max_label=197);0.1421319842338562;0.32279106974601746;0.21664251387119293;0.2406265139579773
176;Data(x=[30, 11], edge_index=[2, 18], edge_attr=[18, 2], y=3.0, custom_label=0.12, min_label=0, max_label=25);0.11999999731779099;0.057819172739982605;0.10818693041801453;0.07144147902727127
177;Data(x=[219, 11], edge_index=[2, 4], edge_attr=[4, 2], y=144.0, custom_label=0.33566433, min_label=0, max_label=429);0.3356643319129944;0.436363160610199;0.49462008476257324;0.4585927426815033
178;Data(x=[26, 11], edge_index=[2, 10], edge_attr=[10, 2], y=0.0, custom_label=0.0, min_label=0, max_label=5);0.0;0.01788472570478916;0.008254552260041237;0.0510861799120903
179;Data(x=[19, 11], edge_index=[2, 10], edge_attr=[10, 2], y=0.0, custom_label=0.0, min_label=0, max_label=10);0.0;0.004808668512851;0.005345294252038002;0.043838679790496826
180;Data(x=[46, 11], edge_index=[2, 8], edge_attr=[8, 2], y=71.0, custom_label=0.48630136, min_label=0, max_label=146);0.48630136251449585;0.5837333798408508;0.6355159282684326;0.6807403564453125
181;Data(x=[24, 11], edge_index=[2, 10], edge_attr=[10, 2], y=0.0, custom_label=0.0, min_label=0, max_label=10);0.0;0.007195293437689543;0.00628405436873436;0.0424606129527092
182;Data(x=[15, 11], edge_index=[2, 6], edge_attr=[6, 2], y=0.0, custom_label=0.0, min_label=0, max_label=51);0.0;0.22703152894973755;0.12224581837654114;0.22258195281028748
183;Data(x=[32, 11], edge_index=[2, 8], edge_attr=[8, 2], y=86.0, custom_label=0.8037383, min_label=0, max_label=107);0.8037382960319519;0.6521527171134949;0.705671489238739;0.7443346381187439
184;Data(x=[38, 11], edge_index=[2, 10], edge_attr=[10, 2], y=39.0, custom_label=0.4431818, min_label=0, max_label=88);0.4431818127632141;0.39921697974205017;0.49389541149139404;0.484088659286499
185;Data(x=[15, 11], edge_index=[2, 10], edge_attr=[10, 2], y=0.0, custom_label=0.0, min_label=0, max_label=17);0.0;0.001543912454508245;0.015863679349422455;0.02982943505048752
186;Data(x=[17, 11], edge_index=[2, 12], edge_attr=[12, 2], y=0.0, custom_label=0.0, min_label=0, max_label=6);0.0;0.00022494593576993793;0.003229305613785982;0.010254712775349617
187;Data(x=[45, 11], edge_index=[2, 18], edge_attr=[18, 2], y=25.0, custom_label=1.0, min_label=0, max_label=25);1.0;0.7687046527862549;0.975811243057251;0.7920752167701721
188;Data(x=[50, 11], edge_index=[2, 8], edge_attr=[8, 2], y=48.0, custom_label=0.6956522, min_label=0, max_label=69);0.695652186870575;0.5707758665084839;0.6157702207565308;0.6675325036048889
189;Data(x=[12, 11], edge_index=[2, 6], edge_attr=[6, 2], y=0.0, custom_label=0.0, min_label=0, max_label=35);0.0;0.023480365052819252;0.035198915749788284;0.18752582371234894
190;Data(x=[32, 11], edge_index=[2, 8], edge_attr=[8, 2], y=98.0, custom_label=0.91588783, min_label=0, max_label=107);0.9158878326416016;0.6521527171134949;0.705671489238739;0.7443346381187439
191;Data(x=[219, 11], edge_index=[2, 4], edge_attr=[4, 2], y=135.0, custom_label=0.3146853, min_label=0, max_label=429);0.31468531489372253;0.436363160610199;0.49462008476257324;0.4585927426815033
192;Data(x=[34, 11], edge_index=[2, 12], edge_attr=[12, 2], y=6.0, custom_label=0.5, min_label=0, max_label=12);0.5;0.16526268422603607;0.2701708972454071;0.21881115436553955
193;Data(x=[39, 11], edge_index=[2, 10], edge_attr=[10, 2], y=69.0, custom_label=0.6509434, min_label=0, max_label=106);0.650943398475647;0.3988020122051239;0.4884434640407562;0.4773659110069275
194;Data(x=[29, 11], edge_index=[2, 12], edge_attr=[12, 2], y=0.0, custom_label=0.0, min_label=0, max_label=7);0.0;0.0034944056533277035;0.02872581221163273;0.045072492212057114
195;Data(x=[16, 11], edge_index=[2, 6], edge_attr=[6, 2], y=0.0, custom_label=0.0, min_label=0, max_label=51);0.0;0.07755019515752792;0.06795578449964523;0.1906070113182068
196;Data(x=[12, 11], edge_index=[2, 6], edge_attr=[6, 2], y=0.0, custom_label=0.0, min_label=0, max_label=35);0.0;0.05650358274579048;0.0754963606595993;0.254737913608551
197;Data(x=[22, 11], edge_index=[2, 6], edge_attr=[6, 2], y=33.0, custom_label=0.94285715, min_label=0, max_label=35);0.9428571462631226;0.6715617179870605;0.6204088926315308;0.753706693649292
198;Data(x=[15, 11], edge_index=[2, 8], edge_attr=[8, 2], y=0.0, custom_label=0.0, min_label=0, max_label=35);0.0;0.04197303205728531;0.021565845236182213;0.0917261466383934
199;Data(x=[30, 11], edge_index=[2, 10], edge_attr=[10, 2], y=0.0, custom_label=0.0, min_label=0, max_label=8);0.0;0.013024509884417057;0.003162877634167671;0.061142485588788986
200;Data(x=[32, 11], edge_index=[2, 8], edge_attr=[8, 2], y=76.0, custom_label=0.71028036, min_label=0, max_label=107);0.7102803587913513;0.6521527171134949;0.705671489238739;0.7443346381187439
201;Data(x=[21, 11], edge_index=[2, 10], edge_attr=[10, 2], y=5.0, custom_label=0.29411766, min_label=0, max_label=17);0.29411765933036804;0.35987532138824463;0.4929552674293518;0.4407026171684265
202;Data(x=[38, 11], edge_index=[2, 10], edge_attr=[10, 2], y=58.0, custom_label=0.65909094, min_label=0, max_label=88);0.6590909361839294;0.36677414178848267;0.38515228033065796;0.3648434579372406
203;Data(x=[38, 11], edge_index=[2, 10], edge_attr=[10, 2], y=0.0, custom_label=0.0, min_label=0, max_label=6);0.0;0.13869497179985046;0.03189718350768089;0.10432105511426926
204;Data(x=[219, 11], edge_index=[2, 4], edge_attr=[4, 2], y=370.0, custom_label=0.86247087, min_label=0, max_label=429);0.8624708652496338;0.436363160610199;0.49462008476257324;0.4585927426815033
205;Data(x=[47, 11], edge_index=[2, 10], edge_attr=[10, 2], y=153.0, custom_label=0.7766498, min_label=0, max_label=197);0.7766497731208801;0.6192594170570374;0.7583250403404236;0.719153642654419
206;Data(x=[219, 11], edge_index=[2, 4], edge_attr=[4, 2], y=71.0, custom_label=0.16550116, min_label=0, max_label=429);0.1655011624097824;0.436363160610199;0.49462008476257324;0.4585927426815033
207;Data(x=[219, 11], edge_index=[2, 4], edge_attr=[4, 2], y=159.0, custom_label=0.37062937, min_label=0, max_label=429);0.37062937021255493;0.436363160610199;0.49462008476257324;0.4585927426815033
208;Data(x=[34, 11], edge_index=[2, 16], edge_attr=[16, 2], y=0.0, custom_label=0.0, min_label=0, max_label=13);0.0;0.0024609973188489676;0.0006762249395251274;0.01657012477517128
209;Data(x=[219, 11], edge_index=[2, 4], edge_attr=[4, 2], y=425.0, custom_label=0.990676, min_label=0, max_label=429);0.9906759858131409;0.436363160610199;0.49462008476257324;0.4585927426815033
210;Data(x=[219, 11], edge_index=[2, 4], edge_attr=[4, 2], y=41.0, custom_label=0.09557109, min_label=0, max_label=429);0.09557109326124191;0.436363160610199;0.49462008476257324;0.4585927426815033
211;Data(x=[219, 11], edge_index=[2, 4], edge_attr=[4, 2], y=164.0, custom_label=0.38228437, min_label=0, max_label=429);0.38228437304496765;0.436363160610199;0.49462008476257324;0.4585927426815033
212;Data(x=[26, 11], edge_index=[2, 6], edge_attr=[6, 2], y=5.0, custom_label=0.10204082, min_label=0, max_label=49);0.10204081982374191;0.36846446990966797;0.33740201592445374;0.3752962350845337
213;Data(x=[21, 11], edge_index=[2, 8], edge_attr=[8, 2], y=7.0, custom_label=0.2, min_label=0, max_label=35);0.20000000298023224;0.37832051515579224;0.47761040925979614;0.5426980257034302
214;Data(x=[32, 11], edge_index=[2, 8], edge_attr=[8, 2], y=93.0, custom_label=0.86915886, min_label=0, max_label=107);0.8691588640213013;0.6521527171134949;0.705671489238739;0.7443346381187439
215;Data(x=[19, 11], edge_index=[2, 6], edge_attr=[6, 2], y=11.0, custom_label=0.2244898, min_label=0, max_label=49);0.22448979318141937;0.3667893707752228;0.29638949036598206;0.41559767723083496
216;Data(x=[45, 11], edge_index=[2, 18], edge_attr=[18, 2], y=19.0, custom_label=0.76, min_label=0, max_label=25);0.7599999904632568;0.38775986433029175;0.7447739243507385;0.5736056566238403
217;Data(x=[21, 11], edge_index=[2, 10], edge_attr=[10, 2], y=0.0, custom_label=0.0, min_label=0, max_label=17);0.0;0.03830742463469505;0.03296123445034027;0.057765696197748184
218;Data(x=[219, 11], edge_index=[2, 4], edge_attr=[4, 2], y=380.0, custom_label=0.8857809, min_label=0, max_label=429);0.8857808709144592;0.436363160610199;0.49462008476257324;0.4585927426815033
219;Data(x=[32, 11], edge_index=[2, 10], edge_attr=[10, 2], y=63.0, custom_label=0.6631579, min_label=0, max_label=95);0.6631578803062439;0.7041325569152832;0.8178715109825134;0.7666516304016113
220;Data(x=[10, 11], edge_index=[2, 6], edge_attr=[6, 2], y=0.0, custom_label=0.0, min_label=0, max_label=51);0.0;0.03719806298613548;0.07490234822034836;0.27006077766418457
221;Data(x=[25, 11], edge_index=[2, 10], edge_attr=[10, 2], y=0.0, custom_label=0.0, min_label=0, max_label=8);0.0;0.01156651508063078;0.008222480304539204;0.046683136373758316
222;Data(x=[32, 11], edge_index=[2, 10], edge_attr=[10, 2], y=2.0, custom_label=0.25, min_label=0, max_label=8);0.25;0.35511282086372375;0.4555679261684418;0.36443838477134705
223;Data(x=[219, 11], edge_index=[2, 4], edge_attr=[4, 2], y=239.0, custom_label=0.55710953, min_label=0, max_label=429);0.557109534740448;0.436363160610199;0.49462008476257324;0.4585927426815033
224;Data(x=[13, 11], edge_index=[2, 6], edge_attr=[6, 2], y=1.0, custom_label=0.028571429, min_label=0, max_label=35);0.02857142873108387;0.3786441385746002;0.3714851140975952;0.5107834935188293
225;Data(x=[47, 11], edge_index=[2, 10], edge_attr=[10, 2], y=69.0, custom_label=0.35025382, min_label=0, max_label=197);0.3502538204193115;0.3961215913295746;0.44544991850852966;0.4294131398200989
226;Data(x=[20, 11], edge_index=[2, 10], edge_attr=[10, 2], y=0.0, custom_label=0.0, min_label=0, max_label=17);0.0;0.027253448963165283;0.018644127994775772;0.05217855051159859
227;Data(x=[26, 11], edge_index=[2, 12], edge_attr=[12, 2], y=0.0, custom_label=0.0, min_label=0, max_label=6);0.0;0.023656373843550682;0.021427584812045097;0.03882184997200966
228;Data(x=[219, 11], edge_index=[2, 4], edge_attr=[4, 2], y=378.0, custom_label=0.8811189, min_label=0, max_label=429);0.881118893623352;0.436363160610199;0.49462008476257324;0.4585927426815033
229;Data(x=[219, 11], edge_index=[2, 4], edge_attr=[4, 2], y=306.0, custom_label=0.7132867, min_label=0, max_label=429);0.7132866978645325;0.436363160610199;0.49462008476257324;0.4585927426815033
230;Data(x=[32, 11], edge_index=[2, 10], edge_attr=[10, 2], y=0.0, custom_label=0.0, min_label=0, max_label=8);0.0;0.04168267920613289;0.009726294316351414;0.06611046195030212
231;Data(x=[31, 11], edge_index=[2, 12], edge_attr=[12, 2], y=12.0, custom_label=1.0, min_label=0, max_label=12);1.0;0.13501732051372528;0.1714235544204712;0.18388232588768005
232;Data(x=[41, 11], edge_index=[2, 8], edge_attr=[8, 2], y=16.0, custom_label=0.17391305, min_label=0, max_label=92);0.17391304671764374;0.37525972723960876;0.37526944279670715;0.38397303223609924
233;Data(x=[28, 11], edge_index=[2, 16], edge_attr=[16, 2], y=4.0, custom_label=0.30769232, min_label=0, max_label=13);0.3076923191547394;0.007598077412694693;0.055148180574178696;0.07967524975538254
234;Data(x=[46, 11], edge_index=[2, 8], edge_attr=[8, 2], y=108.0, custom_label=0.739726, min_label=0, max_label=146);0.7397260069847107;0.5837333798408508;0.6355159282684326;0.6807403564453125
235;Data(x=[32, 11], edge_index=[2, 10], edge_attr=[10, 2], y=0.0, custom_label=0.0, min_label=0, max_label=6);0.0;0.020691044628620148;0.008012102916836739;0.08123332262039185
236;Data(x=[34, 11], edge_index=[2, 8], edge_attr=[8, 2], y=24.0, custom_label=0.28915662, min_label=0, max_label=83);0.28915661573410034;0.34936603903770447;0.2762894630432129;0.2924842834472656
237;Data(x=[28, 11], edge_index=[2, 16], edge_attr=[16, 2], y=13.0, custom_label=1.0, min_label=0, max_label=13);1.0;0.36846446990966797;0.5989513993263245;0.47735726833343506
238;Data(x=[47, 11], edge_index=[2, 10], edge_attr=[10, 2], y=149.0, custom_label=0.75634515, min_label=0, max_label=197);0.7563451528549194;0.6192594170570374;0.7583250403404236;0.719153642654419
239;Data(x=[47, 11], edge_index=[2, 10], edge_attr=[10, 2], y=173.0, custom_label=0.8781726, min_label=0, max_label=197);0.8781725764274597;0.6192594170570374;0.7583250403404236;0.719153642654419
240;Data(x=[42, 11], edge_index=[2, 10], edge_attr=[10, 2], y=0.0, custom_label=0.0, min_label=0, max_label=6);0.0;0.03643844276666641;0.0022810695227235556;0.07428188621997833
241;Data(x=[19, 11], edge_index=[2, 10], edge_attr=[10, 2], y=0.0, custom_label=0.0, min_label=0, max_label=8);0.0;0.002342824824154377;0.006572977639734745;0.030683783814311028
242;Data(x=[28, 11], edge_index=[2, 10], edge_attr=[10, 2], y=0.0, custom_label=0.0, min_label=0, max_label=8);0.0;0.022627830505371094;0.008059532381594181;0.05538424849510193
243;Data(x=[219, 11], edge_index=[2, 4], edge_attr=[4, 2], y=161.0, custom_label=0.37529138, min_label=0, max_label=429);0.3752913773059845;0.436363160610199;0.49462008476257324;0.4585927426815033
244;Data(x=[25, 11], edge_index=[2, 8], edge_attr=[8, 2], y=0.0, custom_label=0.0, min_label=0, max_label=83);0.0;0.036058079451322556;0.018869731575250626;0.08537019044160843
245;Data(x=[25, 11], edge_index=[2, 10], edge_attr=[10, 2], y=6.0, custom_label=0.3529412, min_label=0, max_label=17);0.3529411852359772;0.30298104882240295;0.3353097140789032;0.2794114351272583
246;Data(x=[37, 11], edge_index=[2, 10], edge_attr=[10, 2], y=0.0, custom_label=0.0, min_label=0, max_label=6);0.0;0.09720951318740845;0.016616007313132286;0.08586614578962326
247;Data(x=[46, 11], edge_index=[2, 8], edge_attr=[8, 2], y=73.0, custom_label=0.5, min_label=0, max_label=146);0.5;0.5837333798408508;0.6355159282684326;0.6807403564453125
248;Data(x=[219, 11], edge_index=[2, 4], edge_attr=[4, 2], y=111.0, custom_label=0.25874126, min_label=0, max_label=429);0.25874125957489014;0.436363160610199;0.49462008476257324;0.4585927426815033
249;Data(x=[219, 11], edge_index=[2, 4], edge_attr=[4, 2], y=190.0, custom_label=0.44289044, min_label=0, max_label=429);0.4428904354572296;0.436363160610199;0.49462008476257324;0.4585927426815033
250;Data(x=[34, 11], edge_index=[2, 8], edge_attr=[8, 2], y=77.0, custom_label=0.92771083, min_label=0, max_label=83);0.9277108311653137;0.6393139958381653;0.6960878968238831;0.7367822527885437
251;Data(x=[41, 11], edge_index=[2, 8], edge_attr=[8, 2], y=1.0, custom_label=0.010869565, min_label=0, max_label=92);0.010869565419852734;0.3521530330181122;0.2637968957424164;0.2776586413383484
252;Data(x=[35, 11], edge_index=[2, 24], edge_attr=[24, 2], y=7.0, custom_label=0.18421052, min_label=0, max_label=38);0.18421052396297455;0.044298771768808365;0.08247874677181244;0.10364418476819992
253;Data(x=[38, 11], edge_index=[2, 10], edge_attr=[10, 2], y=36.0, custom_label=0.4090909, min_label=0, max_label=88);0.40909090638160706;0.36677414178848267;0.38515228033065796;0.3648434579372406
254;Data(x=[26, 11], edge_index=[2, 12], edge_attr=[12, 2], y=2.0, custom_label=0.33333334, min_label=0, max_label=6);0.3333333432674408;0.33313533663749695;0.3734446167945862;0.2680074870586395
255;Data(x=[19, 11], edge_index=[2, 6], edge_attr=[6, 2], y=22.0, custom_label=0.43137255, min_label=0, max_label=51);0.4313725531101227;0.36846446990966797;0.36179831624031067;0.4401130676269531
256;Data(x=[37, 11], edge_index=[2, 24], edge_attr=[24, 2], y=28.0, custom_label=0.7368421, min_label=0, max_label=38);0.7368420958518982;0.3536520302295685;0.5754516124725342;0.4495604932308197
257;Data(x=[20, 11], edge_index=[2, 10], edge_attr=[10, 2], y=3.0, custom_label=0.1764706, min_label=0, max_label=17);0.1764705926179886;0.03974802419543266;0.08630978316068649;0.27540767192840576
258;Data(x=[32, 11], edge_index=[2, 10], edge_attr=[10, 2], y=58.0, custom_label=0.6105263, min_label=0, max_label=95);0.6105263233184814;0.7041325569152832;0.8178715109825134;0.7666516304016113
259;Data(x=[39, 11], edge_index=[2, 10], edge_attr=[10, 2], y=84.0, custom_label=0.7924528, min_label=0, max_label=106);0.7924528121948242;0.6576818227767944;0.7916178107261658;0.7471721768379211
260;Data(x=[219, 11], edge_index=[2, 4], edge_attr=[4, 2], y=62.0, custom_label=0.14452215, min_label=0, max_label=429);0.14452214539051056;0.436363160610199;0.49462008476257324;0.4585927426815033
261;Data(x=[19, 11], edge_index=[2, 6], edge_attr=[6, 2], y=11.0, custom_label=0.21568628, min_label=0, max_label=51);0.21568627655506134;0.36846446990966797;0.36179831624031067;0.4401130676269531
262;Data(x=[50, 11], edge_index=[2, 8], edge_attr=[8, 2], y=3.0, custom_label=0.04347826, min_label=0, max_label=69);0.043478261679410934;0.35459792613983154;0.2609579861164093;0.2646304666996002
263;Data(x=[45, 11], edge_index=[2, 18], edge_attr=[18, 2], y=23.0, custom_label=0.92, min_label=0, max_label=25);0.9200000166893005;0.7687046527862549;0.975811243057251;0.7920752167701721
264;Data(x=[32, 11], edge_index=[2, 12], edge_attr=[12, 2], y=0.0, custom_label=0.0, min_label=0, max_label=12);0.0;0.010723132640123367;0.007483272347599268;0.05204128101468086
265;Data(x=[45, 11], edge_index=[2, 18], edge_attr=[18, 2], y=1.0, custom_label=0.04, min_label=0, max_label=25);0.03999999910593033;0.08190139383077621;0.40046441555023193;0.08887281268835068
266;Data(x=[219, 11], edge_index=[2, 4], edge_attr=[4, 2], y=151.0, custom_label=0.35198134, min_label=0, max_label=429);0.35198134183883667;0.436363160610199;0.49462008476257324;0.4585927426815033
267;Data(x=[47, 11], edge_index=[2, 10], edge_attr=[10, 2], y=30.0, custom_label=0.15228426, min_label=0, max_label=197);0.15228426456451416;0.32279106974601746;0.21664251387119293;0.2406265139579773
268;Data(x=[41, 11], edge_index=[2, 8], edge_attr=[8, 2], y=62.0, custom_label=0.67391306, min_label=0, max_label=92);0.6739130616188049;0.6032595634460449;0.6614167094230652;0.7021308541297913
269;Data(x=[13, 11], edge_index=[2, 6], edge_attr=[6, 2], y=0.0, custom_label=0.0, min_label=0, max_label=35);0.0;0.21061640977859497;0.1217535063624382;0.2316049188375473
270;Data(x=[219, 11], edge_index=[2, 4], edge_attr=[4, 2], y=236.0, custom_label=0.55011654, min_label=0, max_label=429);0.5501165390014648;0.436363160610199;0.49462008476257324;0.4585927426815033
271;Data(x=[39, 11], edge_index=[2, 10], edge_attr=[10, 2], y=0.0, custom_label=0.0, min_label=0, max_label=6);0.0;0.11676933616399765;0.025774670764803886;0.09143925458192825
272;Data(x=[34, 11], edge_index=[2, 8], edge_attr=[8, 2], y=34.0, custom_label=0.40963855, min_label=0, max_label=83);0.40963855385780334;0.3759205639362335;0.408911794424057;0.4248528778553009
273;Data(x=[219, 11], edge_index=[2, 4], edge_attr=[4, 2], y=92.0, custom_label=0.2144522, min_label=0, max_label=429);0.21445220708847046;0.436363160610199;0.49462008476257324;0.4585927426815033
274;Data(x=[14, 11], edge_index=[2, 6], edge_attr=[6, 2], y=0.0, custom_label=0.0, min_label=0, max_label=51);0.0;0.21016953885555267;0.15731725096702576;0.2348008006811142
275;Data(x=[41, 11], edge_index=[2, 8], edge_attr=[8, 2], y=31.0, custom_label=0.33695653, min_label=0, max_label=92);0.33695653080940247;0.6032595634460449;0.6614167094230652;0.7021308541297913
276;Data(x=[47, 11], edge_index=[2, 10], edge_attr=[10, 2], y=144.0, custom_label=0.7309645, min_label=0, max_label=197);0.7309644818305969;0.6192594170570374;0.7583250403404236;0.719153642654419
277;Data(x=[41, 11], edge_index=[2, 8], edge_attr=[8, 2], y=34.0, custom_label=0.36956522, min_label=0, max_label=92);0.3695652186870575;0.6032595634460449;0.6614167094230652;0.7021308541297913
278;Data(x=[30, 11], edge_index=[2, 12], edge_attr=[12, 2], y=44.0, custom_label=0.5714286, min_label=0, max_label=77);0.5714285969734192;0.3380482792854309;0.39605268836021423;0.3770524859428406
279;Data(x=[27, 11], edge_index=[2, 16], edge_attr=[16, 2], y=0.0, custom_label=0.0, min_label=0, max_label=13);0.0;0.0004617082013282925;0.0009370238985866308;0.01305537298321724
280;Data(x=[34, 11], edge_index=[2, 8], edge_attr=[8, 2], y=75.0, custom_label=0.90361446, min_label=0, max_label=83);0.9036144614219666;0.6393139958381653;0.6960878968238831;0.7367822527885437
281;Data(x=[21, 11], edge_index=[2, 10], edge_attr=[10, 2], y=0.0, custom_label=0.0, min_label=0, max_label=8);0.0;0.008106234483420849;0.015117510221898556;0.04710506275296211
282;Data(x=[14, 11], edge_index=[2, 6], edge_attr=[6, 2], y=0.0, custom_label=0.0, min_label=0, max_label=35);0.0;0.036057133227586746;0.038604091852903366;0.15294091403484344
283;Data(x=[34, 11], edge_index=[2, 24], edge_attr=[24, 2], y=0.0, custom_label=0.0, min_label=0, max_label=38);0.0;2.606431553431321e-05;0.0003678257926367223;0.003518730401992798
284;Data(x=[43, 11], edge_index=[2, 10], edge_attr=[10, 2], y=0.0, custom_label=0.0, min_label=0, max_label=6);0.0;0.13088122010231018;0.024955905973911285;0.09670435637235641
285;Data(x=[32, 11], edge_index=[2, 8], edge_attr=[8, 2], y=39.0, custom_label=0.36448598, min_label=0, max_label=107);0.3644859790802002;0.376162588596344;0.4191814064979553;0.43952688574790955
286;Data(x=[47, 11], edge_index=[2, 10], edge_attr=[10, 2], y=6.0, custom_label=0.030456852, min_label=0, max_label=197);0.030456852167844772;0.3665933907032013;0.3470456302165985;0.3281892240047455
287;Data(x=[41, 11], edge_index=[2, 8], edge_attr=[8, 2], y=50.0, custom_label=0.54347825, min_label=0, max_label=92);0.54347825050354;0.6032595634460449;0.6614167094230652;0.7021308541297913
288;Data(x=[45, 11], edge_index=[2, 26], edge_attr=[26, 2], y=0.0, custom_label=0.0, min_label=0, max_label=17);0.0;9.638104529585689e-05;0.00026396464090794325;0.0069770109839737415
289;Data(x=[30, 11], edge_index=[2, 12], edge_attr=[12, 2], y=58.0, custom_label=0.7532467, min_label=0, max_label=77);0.7532467246055603;0.4394504427909851;0.665376603603363;0.6071509718894958
290;Data(x=[32, 11], edge_index=[2, 10], edge_attr=[10, 2], y=31.0, custom_label=0.3263158, min_label=0, max_label=95);0.3263157904148102;0.40225568413734436;0.5268094539642334;0.5281952619552612
291;Data(x=[26, 11], edge_index=[2, 6], edge_attr=[6, 2], y=35.0, custom_label=0.71428573, min_label=0, max_label=49);0.7142857313156128;0.6353222131729126;0.599115252494812;0.733873724937439
292;Data(x=[219, 11], edge_index=[2, 4], edge_attr=[4, 2], y=352.0, custom_label=0.82051283, min_label=0, max_label=429);0.8205128312110901;0.436363160610199;0.49462008476257324;0.4585927426815033
293;Data(x=[11, 11], edge_index=[2, 6], edge_attr=[6, 2], y=0.0, custom_label=0.0, min_label=0, max_label=35);0.0;0.18966151773929596;0.12178239226341248;0.24180136620998383
294;Data(x=[37, 11], edge_index=[2, 24], edge_attr=[24, 2], y=0.0, custom_label=0.0, min_label=0, max_label=38);0.0;2.820858935592696e-05;0.0024120649322867393;0.005672876723110676
295;Data(x=[219, 11], edge_index=[2, 4], edge_attr=[4, 2], y=174.0, custom_label=0.4055944, min_label=0, max_label=429);0.4055944085121155;0.436363160610199;0.49462008476257324;0.4585927426815033
296;Data(x=[32, 11], edge_index=[2, 10], edge_attr=[10, 2], y=8.0, custom_label=0.08421053, min_label=0, max_label=95);0.08421052992343903;0.3066670596599579;0.2520783543586731;0.26373058557510376
297;Data(x=[219, 11], edge_index=[2, 4], edge_attr=[4, 2], y=154.0, custom_label=0.35897437, min_label=0, max_label=429);0.3589743673801422;0.436363160610199;0.49462008476257324;0.4585927426815033
298;Data(x=[48, 11], edge_index=[2, 26], edge_attr=[26, 2], y=5.0, custom_label=0.29411766, min_label=0, max_label=17);0.29411765933036804;0.0010452594142407179;0.03819185867905617;0.028785813599824905
299;Data(x=[23, 11], edge_index=[2, 12], edge_attr=[12, 2], y=0.0, custom_label=0.0, min_label=0, max_label=8);0.0;0.004295703023672104;0.011054902337491512;0.029505068436264992
300;Data(x=[24, 11], edge_index=[2, 12], edge_attr=[12, 2], y=2.0, custom_label=0.25, min_label=0, max_label=8);0.25;0.11569628119468689;0.24703682959079742;0.20657090842723846
301;Data(x=[28, 11], edge_index=[2, 10], edge_attr=[10, 2], y=0.0, custom_label=0.0, min_label=0, max_label=5);0.0;0.06078306958079338;0.017520330846309662;0.06958872079849243
302;Data(x=[36, 11], edge_index=[2, 10], edge_attr=[10, 2], y=0.0, custom_label=0.0, min_label=0, max_label=6);0.0;0.04427130147814751;0.007327879313379526;0.07115127891302109
303;Data(x=[45, 11], edge_index=[2, 18], edge_attr=[18, 2], y=10.0, custom_label=0.4, min_label=0, max_label=25);0.4000000059604645;0.3541441261768341;0.5826696753501892;0.4193424582481384
304;Data(x=[22, 11], edge_index=[2, 12], edge_attr=[12, 2], y=3.0, custom_label=0.038961038, min_label=0, max_label=77);0.03896103799343109;0.09514223784208298;0.24209289252758026;0.20388175547122955
305;Data(x=[13, 11], edge_index=[2, 6], edge_attr=[6, 2], y=0.0, custom_label=0.0, min_label=0, max_label=49);0.0;0.21610254049301147;0.07994651049375534;0.22286958992481232
306;Data(x=[11, 11], edge_index=[2, 6], edge_attr=[6, 2], y=0.0, custom_label=0.0, min_label=0, max_label=51);0.0;0.0026642554439604282;0.04175591468811035;0.25100165605545044
307;Data(x=[30, 11], edge_index=[2, 18], edge_attr=[18, 2], y=10.0, custom_label=0.4, min_label=0, max_label=25);0.4000000059604645;0.3208047151565552;0.19508303701877594;0.3177635371685028
308;Data(x=[48, 11], edge_index=[2, 24], edge_attr=[24, 2], y=4.0, custom_label=0.10526316, min_label=0, max_label=38);0.10526315867900848;0.021115323528647423;0.4049820303916931;0.036478493362665176
309;Data(x=[29, 11], edge_index=[2, 10], edge_attr=[10, 2], y=0.0, custom_label=0.0, min_label=0, max_label=8);0.0;0.03252379596233368;0.010603873990476131;0.05990903452038765
310;Data(x=[219, 11], edge_index=[2, 4], edge_attr=[4, 2], y=307.0, custom_label=0.7156177, min_label=0, max_label=429);0.7156177163124084;0.436363160610199;0.49462008476257324;0.4585927426815033
311;Data(x=[22, 11], edge_index=[2, 12], edge_attr=[12, 2], y=0.0, custom_label=0.0, min_label=0, max_label=8);0.0;0.0048270090483129025;0.002773825079202652;0.02602490969002247
312;Data(x=[47, 11], edge_index=[2, 26], edge_attr=[26, 2], y=4.0, custom_label=0.23529412, min_label=0, max_label=17);0.23529411852359772;0.014044452458620071;0.02466520480811596;0.0286768339574337
313;Data(x=[15, 11], edge_index=[2, 6], edge_attr=[6, 2], y=0.0, custom_label=0.0, min_label=0, max_label=51);0.0;0.08502760529518127;0.05105698108673096;0.17257438600063324
314;Data(x=[219, 11], edge_index=[2, 4], edge_attr=[4, 2], y=228.0, custom_label=0.5314685, min_label=0, max_label=429);0.5314685106277466;0.436363160610199;0.49462008476257324;0.4585927426815033
315;Data(x=[41, 11], edge_index=[2, 8], edge_attr=[8, 2], y=43.0, custom_label=0.4673913, min_label=0, max_label=92);0.46739131212234497;0.6032595634460449;0.6614167094230652;0.7021308541297913
316;Data(x=[38, 11], edge_index=[2, 10], edge_attr=[10, 2], y=87.0, custom_label=0.9886364, min_label=0, max_label=88);0.9886363744735718;0.36677414178848267;0.38515228033065796;0.3648434579372406
317;Data(x=[45, 11], edge_index=[2, 26], edge_attr=[26, 2], y=5.0, custom_label=0.29411766, min_label=0, max_label=17);0.29411765933036804;0.000783972442150116;0.0342528261244297;0.021508989855647087
318;Data(x=[22, 11], edge_index=[2, 6], edge_attr=[6, 2], y=11.0, custom_label=0.31428573, min_label=0, max_label=35);0.3142857253551483;0.6715617179870605;0.6204088926315308;0.753706693649292
319;Data(x=[219, 11], edge_index=[2, 4], edge_attr=[4, 2], y=186.0, custom_label=0.43356642, min_label=0, max_label=429);0.4335664212703705;0.436363160610199;0.49462008476257324;0.4585927426815033
320;Data(x=[12, 11], edge_index=[2, 6], edge_attr=[6, 2], y=0.0, custom_label=0.0, min_label=0, max_label=51);0.0;0.20663507282733917;0.08013943582773209;0.22690193355083466
321;Data(x=[45, 11], edge_index=[2, 26], edge_attr=[26, 2], y=6.0, custom_label=0.3529412, min_label=0, max_label=17);0.3529411852359772;0.000783973082434386;0.0342528261244297;0.021508989855647087
322;Data(x=[25, 11], edge_index=[2, 10], edge_attr=[10, 2], y=2.0, custom_label=0.2, min_label=0, max_label=10);0.20000000298023224;0.23974761366844177;0.3020559847354889;0.26838740706443787
323;Data(x=[14, 11], edge_index=[2, 8], edge_attr=[8, 2], y=0.0, custom_label=0.0, min_label=0, max_label=35);0.0;0.004666931927204132;0.030180184170603752;0.07124044746160507
324;Data(x=[38, 11], edge_index=[2, 10], edge_attr=[10, 2], y=59.0, custom_label=0.67045456, min_label=0, max_label=88);0.6704545617103577;0.36677414178848267;0.38515228033065796;0.3648434579372406
325;Data(x=[32, 11], edge_index=[2, 8], edge_attr=[8, 2], y=20.0, custom_label=0.18691589, min_label=0, max_label=107);0.18691588938236237;0.34834837913513184;0.2819455564022064;0.2979952394962311
326;Data(x=[31, 11], edge_index=[2, 12], edge_attr=[12, 2], y=6.0, custom_label=1.0, min_label=0, max_label=6);1.0;0.2041720449924469;0.4208538234233856;0.21872317790985107
327;Data(x=[28, 11], edge_index=[2, 12], edge_attr=[12, 2], y=0.0, custom_label=0.0, min_label=0, max_label=6);0.0;0.006193099077790976;0.0033882383722811937;0.03081386163830757
328;Data(x=[41, 11], edge_index=[2, 8], edge_attr=[8, 2], y=73.0, custom_label=0.79347825, min_label=0, max_label=92);0.79347825050354;0.6032595634460449;0.6614167094230652;0.7021308541297913
329;Data(x=[20, 11], edge_index=[2, 6], edge_attr=[6, 2], y=0.0, custom_label=0.0, min_label=0, max_label=49);0.0;0.07631062716245651;0.03716527670621872;0.15024209022521973
330;Data(x=[33, 11], edge_index=[2, 12], edge_attr=[12, 2], y=0.0, custom_label=0.0, min_label=0, max_label=12);0.0;0.012044855393469334;0.08163289725780487;0.06175547093153
331;Data(x=[50, 11], edge_index=[2, 26], edge_attr=[26, 2], y=13.0, custom_label=0.7647059, min_label=0, max_label=17);0.7647058963775635;0.027882590889930725;0.6351078748703003;0.029117422178387642
332;Data(x=[219, 11], edge_index=[2, 4], edge_attr=[4, 2], y=269.0, custom_label=0.6270396, min_label=0, max_label=429);0.6270396113395691;0.436363160610199;0.49462008476257324;0.4585927426815033
333;Data(x=[46, 11], edge_index=[2, 8], edge_attr=[8, 2], y=2.0, custom_label=0.01369863, min_label=0, max_label=146);0.013698630034923553;0.3536284863948822;0.26068541407585144;0.26976388692855835
334;Data(x=[219, 11], edge_index=[2, 4], edge_attr=[4, 2], y=273.0, custom_label=0.6363636, min_label=0, max_label=429);0.6363636255264282;0.436363160610199;0.49462008476257324;0.4585927426815033
335;Data(x=[41, 11], edge_index=[2, 8], edge_attr=[8, 2], y=27.0, custom_label=0.29347825, min_label=0, max_label=92);0.29347825050354004;0.37525972723960876;0.37526944279670715;0.38397303223609924
336;Data(x=[46, 11], edge_index=[2, 8], edge_attr=[8, 2], y=106.0, custom_label=0.72602737, min_label=0, max_label=146);0.7260273694992065;0.5837333798408508;0.6355159282684326;0.6807403564453125
