;item;Label;GENModel;GINEModel;GATModel
0;Data(x=[29, 11], edge_index=[2, 12], edge_attr=[12, 2], y=0.0, custom_label=0.0, min_label=0, max_label=12);0.0;3.512680996209383e-05;2.6277347268607865e-14;0.06923016160726547
1;Data(x=[26, 11], edge_index=[2, 12], edge_attr=[12, 2], y=5.0, custom_label=0.625, min_label=0, max_label=8);0.625;0.00023916865757200867;2.5362647093629676e-08;0.0697779506444931
2;Data(x=[27, 11], edge_index=[2, 10], edge_attr=[10, 2], y=0.0, custom_label=0.0, min_label=0, max_label=5);0.0;3.308061059215106e-05;0.23031890392303467;0.10154539346694946
3;Data(x=[16, 11], edge_index=[2, 6], edge_attr=[6, 2], y=4.0, custom_label=0.114285715, min_label=0, max_label=35);0.11428571492433548;0.008447615429759026;0.23031890392303467;0.34349387884140015
4;Data(x=[23, 11], edge_index=[2, 10], edge_attr=[10, 2], y=0.0, custom_label=0.0, min_label=0, max_label=5);0.0;0.003196313977241516;1.840450210011113e-07;0.08471841365098953
5;Data(x=[32, 11], edge_index=[2, 8], edge_attr=[8, 2], y=92.0, custom_label=0.8598131, min_label=0, max_label=107);0.8598130941390991;0.6766988039016724;0.23031890392303467;0.5992987155914307
6;Data(x=[41, 11], edge_index=[2, 8], edge_attr=[8, 2], y=53.0, custom_label=0.57608694, min_label=0, max_label=92);0.5760869383811951;0.6768327355384827;0.23031890392303467;0.6169602274894714
7;Data(x=[18, 11], edge_index=[2, 6], edge_attr=[6, 2], y=0.0, custom_label=0.0, min_label=0, max_label=49);0.0;3.6997903407609556e-06;0.23031890392303467;0.2163207232952118
8;Data(x=[19, 11], edge_index=[2, 6], edge_attr=[6, 2], y=48.0, custom_label=0.9411765, min_label=0, max_label=51);0.9411764740943909;0.2964259088039398;0.23031890392303467;0.38769981265068054
9;Data(x=[25, 11], edge_index=[2, 10], edge_attr=[10, 2], y=0.0, custom_label=0.0, min_label=0, max_label=8);0.0;1.4849713352305116e-06;6.20419342567402e-08;0.087115079164505
10;Data(x=[47, 11], edge_index=[2, 10], edge_attr=[10, 2], y=23.0, custom_label=0.11675127, min_label=0, max_label=197);0.11675126850605011;0.23585432767868042;0.23031890392303467;0.4392915666103363
11;Data(x=[219, 11], edge_index=[2, 4], edge_attr=[4, 2], y=181.0, custom_label=0.42191142, min_label=0, max_label=429);0.42191141843795776;0.6772505044937134;0.23031890392303467;0.6614729166030884
12;Data(x=[219, 11], edge_index=[2, 4], edge_attr=[4, 2], y=289.0, custom_label=0.6736597, min_label=0, max_label=429);0.6736596822738647;0.6772505044937134;0.23031890392303467;0.6614729166030884
13;Data(x=[38, 11], edge_index=[2, 10], edge_attr=[10, 2], y=0.0, custom_label=0.0, min_label=0, max_label=6);0.0;0.16970668733119965;0.23031890392303467;0.24927549064159393
14;Data(x=[46, 11], edge_index=[2, 8], edge_attr=[8, 2], y=132.0, custom_label=0.9041096, min_label=0, max_label=146);0.9041095972061157;0.6768840551376343;0.23031890392303467;0.6232746243476868
15;Data(x=[24, 11], edge_index=[2, 10], edge_attr=[10, 2], y=0.0, custom_label=0.0, min_label=0, max_label=10);0.0;0.0001476088655181229;0.23031890392303467;0.07571214437484741
16;Data(x=[22, 11], edge_index=[2, 10], edge_attr=[10, 2], y=0.0, custom_label=0.0, min_label=0, max_label=8);0.0;0.0008302194182761014;2.5362647093629676e-08;0.048562705516815186
17;Data(x=[33, 11], edge_index=[2, 18], edge_attr=[18, 2], y=6.0, custom_label=0.24, min_label=0, max_label=25);0.23999999463558197;2.958023230803519e-07;6.856500931462506e-07;0.045825112611055374
18;Data(x=[219, 11], edge_index=[2, 4], edge_attr=[4, 2], y=341.0, custom_label=0.7948718, min_label=0, max_label=429);0.7948718070983887;0.6772505044937134;0.23031890392303467;0.6614729166030884
19;Data(x=[38, 11], edge_index=[2, 10], edge_attr=[10, 2], y=17.0, custom_label=0.19318181, min_label=0, max_label=88);0.1931818127632141;0.29647648334503174;0.23031890392303467;0.436147540807724
20;Data(x=[14, 11], edge_index=[2, 6], edge_attr=[6, 2], y=2.0, custom_label=0.039215688, min_label=0, max_label=51);0.03921568766236305;0.06168065220117569;4.673187372903418e-19;0.23060882091522217
21;Data(x=[10, 11], edge_index=[2, 6], edge_attr=[6, 2], y=0.0, custom_label=0.0, min_label=0, max_label=35);0.0;3.156837192364037e-05;2.436527211102657e-06;0.03086947277188301
22;Data(x=[25, 11], edge_index=[2, 10], edge_attr=[10, 2], y=0.0, custom_label=0.0, min_label=0, max_label=10);0.0;0.0010257605463266373;0.23031890392303467;0.11114273220300674
23;Data(x=[33, 11], edge_index=[2, 18], edge_attr=[18, 2], y=3.0, custom_label=0.12, min_label=0, max_label=25);0.11999999731779099;8.489192623528652e-06;2.5362647093629676e-08;0.033697459846735
24;Data(x=[24, 11], edge_index=[2, 10], edge_attr=[10, 2], y=8.0, custom_label=0.8, min_label=0, max_label=10);0.800000011920929;0.0008941686246544123;0.23031890392303467;0.11932947486639023
25;Data(x=[219, 11], edge_index=[2, 4], edge_attr=[4, 2], y=229.0, custom_label=0.5337995, min_label=0, max_label=429);0.5337995290756226;0.6772505044937134;0.23031890392303467;0.6614729166030884
26;Data(x=[37, 11], edge_index=[2, 24], edge_attr=[24, 2], y=25.0, custom_label=0.65789473, min_label=0, max_label=38);0.6578947305679321;0.0005739863845519722;0.23031890392303467;0.05570976063609123
27;Data(x=[39, 11], edge_index=[2, 10], edge_attr=[10, 2], y=40.0, custom_label=0.3773585, min_label=0, max_label=106);0.37735849618911743;0.4773448407649994;0.23031890392303467;0.53852379322052
28;Data(x=[28, 11], edge_index=[2, 10], edge_attr=[10, 2], y=0.0, custom_label=0.0, min_label=0, max_label=5);0.0;0.03693259134888649;0.23031890392303467;0.11440318077802658
29;Data(x=[29, 11], edge_index=[2, 12], edge_attr=[12, 2], y=0.0, custom_label=0.0, min_label=0, max_label=8);0.0;0.002076322678476572;0.23031890392303467;0.0632222592830658
30;Data(x=[39, 11], edge_index=[2, 10], edge_attr=[10, 2], y=85.0, custom_label=0.8018868, min_label=0, max_label=106);0.801886796951294;0.6766828894615173;0.23031890392303467;0.5970451831817627
31;Data(x=[48, 11], edge_index=[2, 24], edge_attr=[24, 2], y=26.0, custom_label=0.68421054, min_label=0, max_label=38);0.6842105388641357;0.01200817059725523;0.23031890392303467;0.03878530114889145
32;Data(x=[26, 11], edge_index=[2, 10], edge_attr=[10, 2], y=0.0, custom_label=0.0, min_label=0, max_label=5);0.0;2.519607050999184e-06;0.23031890392303467;0.09923040121793747
33;Data(x=[34, 11], edge_index=[2, 8], edge_attr=[8, 2], y=3.0, custom_label=0.036144577, min_label=0, max_label=83);0.03614457696676254;0.26165658235549927;0.23031890392303467;0.43788543343544006
34;Data(x=[13, 11], edge_index=[2, 6], edge_attr=[6, 2], y=1.0, custom_label=0.028571429, min_label=0, max_label=35);0.02857142873108387;2.201521238021087e-05;0.23031890392303467;0.2381194680929184
35;Data(x=[50, 11], edge_index=[2, 26], edge_attr=[26, 2], y=14.0, custom_label=0.8235294, min_label=0, max_label=17);0.8235294222831726;3.757132071768865e-05;0.23031890392303467;0.03479551523923874
36;Data(x=[24, 11], edge_index=[2, 12], edge_attr=[12, 2], y=0.0, custom_label=0.0, min_label=0, max_label=7);0.0;1.6578870498662468e-09;0.23031890392303467;0.032511040568351746
37;Data(x=[24, 11], edge_index=[2, 10], edge_attr=[10, 2], y=0.0, custom_label=0.0, min_label=0, max_label=17);0.0;0.13633877038955688;0.23031890392303467;0.09699554741382599
38;Data(x=[25, 11], edge_index=[2, 10], edge_attr=[10, 2], y=0.0, custom_label=0.0, min_label=0, max_label=8);0.0;0.0002128469495801255;2.007331386266742e-05;0.08724565804004669
39;Data(x=[17, 11], edge_index=[2, 8], edge_attr=[8, 2], y=0.0, custom_label=0.0, min_label=0, max_label=35);0.0;0.000414986745454371;0.23031890392303467;0.04958265274763107
40;Data(x=[24, 11], edge_index=[2, 10], edge_attr=[10, 2], y=0.0, custom_label=0.0, min_label=0, max_label=10);0.0;0.0015389485051855445;0.23031890392303467;0.06778424978256226
41;Data(x=[24, 11], edge_index=[2, 12], edge_attr=[12, 2], y=1.0, custom_label=0.16666667, min_label=0, max_label=6);0.1666666716337204;0.00014761844067834318;2.5362647093629676e-08;0.05758402869105339
42;Data(x=[21, 11], edge_index=[2, 10], edge_attr=[10, 2], y=0.0, custom_label=0.0, min_label=0, max_label=5);0.0;0.0005833954783156514;6.856500931462506e-07;0.04020150378346443
43;Data(x=[46, 11], edge_index=[2, 8], edge_attr=[8, 2], y=111.0, custom_label=0.760274, min_label=0, max_label=146);0.7602739930152893;0.6768840551376343;0.23031890392303467;0.6232746243476868
44;Data(x=[16, 11], edge_index=[2, 8], edge_attr=[8, 2], y=4.0, custom_label=0.114285715, min_label=0, max_label=35);0.11428571492433548;0.0001747913338476792;0.23031890392303467;0.24546630680561066
45;Data(x=[34, 11], edge_index=[2, 8], edge_attr=[8, 2], y=0.0, custom_label=0.0, min_label=0, max_label=69);0.0;0.01707441546022892;0.23031890392303467;0.4178692698478699
46;Data(x=[39, 11], edge_index=[2, 10], edge_attr=[10, 2], y=86.0, custom_label=0.8113208, min_label=0, max_label=106);0.8113207817077637;0.6766828894615173;0.23031890392303467;0.5970451831817627
47;Data(x=[39, 11], edge_index=[2, 10], edge_attr=[10, 2], y=67.0, custom_label=0.6320755, min_label=0, max_label=106);0.6320754885673523;0.4773448407649994;0.23031890392303467;0.53852379322052
48;Data(x=[48, 11], edge_index=[2, 24], edge_attr=[24, 2], y=9.0, custom_label=0.23684211, min_label=0, max_label=38);0.2368421107530594;0.012008177116513252;0.23031890392303467;0.03878530114889145
49;Data(x=[15, 11], edge_index=[2, 6], edge_attr=[6, 2], y=0.0, custom_label=0.0, min_label=0, max_label=49);0.0;1.2123502528993413e-05;0.23031890392303467;0.11308765411376953
50;Data(x=[46, 11], edge_index=[2, 8], edge_attr=[8, 2], y=9.0, custom_label=0.061643835, min_label=0, max_label=146);0.06164383515715599;0.5058782696723938;0.23031890392303467;0.5935705900192261
51;Data(x=[32, 11], edge_index=[2, 10], edge_attr=[10, 2], y=3.0, custom_label=0.375, min_label=0, max_label=8);0.375;0.007087409496307373;0.23031890392303467;0.4043760597705841
52;Data(x=[27, 11], edge_index=[2, 10], edge_attr=[10, 2], y=0.0, custom_label=0.0, min_label=0, max_label=8);0.0;0.007880001328885555;0.23031890392303467;0.10101024061441422
53;Data(x=[32, 11], edge_index=[2, 12], edge_attr=[12, 2], y=3.0, custom_label=0.375, min_label=0, max_label=8);0.375;0.00020897193462587893;6.856500931462506e-07;0.1493949592113495
54;Data(x=[20, 11], edge_index=[2, 10], edge_attr=[10, 2], y=0.0, custom_label=0.0, min_label=0, max_label=10);0.0;4.7776985923064785e-08;2.786666839123264e-13;0.037198975682258606
55;Data(x=[14, 11], edge_index=[2, 6], edge_attr=[6, 2], y=0.0, custom_label=0.0, min_label=0, max_label=49);0.0;0.0004441595228854567;0.23031890392303467;0.09041836112737656
56;Data(x=[12, 11], edge_index=[2, 6], edge_attr=[6, 2], y=0.0, custom_label=0.0, min_label=0, max_label=51);0.0;1.0638832463882864e-06;5.709247488994151e-06;0.06426189839839935
57;Data(x=[219, 11], edge_index=[2, 4], edge_attr=[4, 2], y=79.0, custom_label=0.18414919, min_label=0, max_label=429);0.18414919078350067;0.6772505044937134;0.23031890392303467;0.6614729166030884
58;Data(x=[35, 11], edge_index=[2, 10], edge_attr=[10, 2], y=0.0, custom_label=0.0, min_label=0, max_label=6);0.0;7.540983642684296e-05;0.23031890392303467;0.22448641061782837
59;Data(x=[41, 11], edge_index=[2, 8], edge_attr=[8, 2], y=40.0, custom_label=0.4347826, min_label=0, max_label=92);0.43478259444236755;0.6768327355384827;0.23031890392303467;0.6169602274894714
60;Data(x=[46, 11], edge_index=[2, 8], edge_attr=[8, 2], y=74.0, custom_label=0.5068493, min_label=0, max_label=146);0.5068492889404297;0.6768840551376343;0.23031890392303467;0.6232746243476868
61;Data(x=[47, 11], edge_index=[2, 10], edge_attr=[10, 2], y=32.0, custom_label=0.16243654, min_label=0, max_label=197);0.16243654489517212;0.23585432767868042;0.23031890392303467;0.4392915666103363
62;Data(x=[219, 11], edge_index=[2, 4], edge_attr=[4, 2], y=293.0, custom_label=0.6829837, min_label=0, max_label=429);0.6829836964607239;0.6772505044937134;0.23031890392303467;0.6614729166030884
63;Data(x=[46, 11], edge_index=[2, 8], edge_attr=[8, 2], y=60.0, custom_label=0.41095892, min_label=0, max_label=146);0.4109589159488678;0.6768840551376343;0.23031890392303467;0.6232746243476868
64;Data(x=[219, 11], edge_index=[2, 4], edge_attr=[4, 2], y=334.0, custom_label=0.7785548, min_label=0, max_label=429);0.7785547971725464;0.6772505044937134;0.23031890392303467;0.6614729166030884
65;Data(x=[26, 11], edge_index=[2, 6], edge_attr=[6, 2], y=23.0, custom_label=0.46938777, min_label=0, max_label=49);0.4693877696990967;0.38718459010124207;0.23031890392303467;0.5171633362770081
66;Data(x=[13, 11], edge_index=[2, 6], edge_attr=[6, 2], y=0.0, custom_label=0.0, min_label=0, max_label=51);0.0;0.00023916865757200867;0.23031890392303467;0.06977793574333191
67;Data(x=[34, 11], edge_index=[2, 8], edge_attr=[8, 2], y=1.0, custom_label=0.012048192, min_label=0, max_label=83);0.012048192322254181;0.26165658235549927;0.23031890392303467;0.43788543343544006
68;Data(x=[41, 11], edge_index=[2, 8], edge_attr=[8, 2], y=52.0, custom_label=0.5652174, min_label=0, max_label=92);0.5652173757553101;0.6768327355384827;0.23031890392303467;0.6169602274894714
69;Data(x=[24, 11], edge_index=[2, 10], edge_attr=[10, 2], y=7.0, custom_label=0.7, min_label=0, max_label=10);0.699999988079071;2.5105638997047208e-05;0.23031890392303467;0.12014413625001907
70;Data(x=[32, 11], edge_index=[2, 18], edge_attr=[18, 2], y=0.0, custom_label=0.0, min_label=0, max_label=25);0.0;0.00010698269761633128;0.23031890392303467;0.018212784081697464
71;Data(x=[38, 11], edge_index=[2, 10], edge_attr=[10, 2], y=80.0, custom_label=0.90909094, min_label=0, max_label=88);0.9090909361839294;0.29647648334503174;0.23031890392303467;0.436147540807724
72;Data(x=[38, 11], edge_index=[2, 10], edge_attr=[10, 2], y=9.0, custom_label=0.10227273, min_label=0, max_label=88);0.10227272659540176;0.17010651528835297;0.23031890392303467;0.33684423565864563
73;Data(x=[48, 11], edge_index=[2, 26], edge_attr=[26, 2], y=14.0, custom_label=0.8235294, min_label=0, max_label=17);0.8235294222831726;6.601877248613164e-05;6.20419342567402e-08;0.06030565872788429
74;Data(x=[32, 11], edge_index=[2, 8], edge_attr=[8, 2], y=14.0, custom_label=0.13084112, min_label=0, max_label=107);0.13084112107753754;0.2424912303686142;0.23031890392303467;0.4099544584751129
75;Data(x=[26, 11], edge_index=[2, 6], edge_attr=[6, 2], y=19.0, custom_label=0.3877551, min_label=0, max_label=49);0.3877550959587097;0.38718459010124207;0.23031890392303467;0.5171633362770081
76;Data(x=[16, 11], edge_index=[2, 8], edge_attr=[8, 2], y=0.0, custom_label=0.0, min_label=0, max_label=35);0.0;7.391868166450877e-06;0.23031890392303467;0.04564707726240158
77;Data(x=[12, 11], edge_index=[2, 6], edge_attr=[6, 2], y=0.0, custom_label=0.0, min_label=0, max_label=35);0.0;0.0001875055895652622;0.23031890392303467;0.06436026841402054
78;Data(x=[34, 11], edge_index=[2, 8], edge_attr=[8, 2], y=4.0, custom_label=0.04819277, min_label=0, max_label=83);0.048192769289016724;0.26165658235549927;0.23031890392303467;0.43788543343544006
79;Data(x=[32, 11], edge_index=[2, 10], edge_attr=[10, 2], y=29.0, custom_label=0.30526316, min_label=0, max_label=95);0.3052631616592407;0.43712887167930603;0.23031890392303467;0.4733889400959015
80;Data(x=[19, 11], edge_index=[2, 6], edge_attr=[6, 2], y=12.0, custom_label=0.23529412, min_label=0, max_label=51);0.23529411852359772;0.2964259088039398;0.23031890392303467;0.38769981265068054
81;Data(x=[32, 11], edge_index=[2, 8], edge_attr=[8, 2], y=85.0, custom_label=0.7943925, min_label=0, max_label=107);0.7943925261497498;0.6766988039016724;0.23031890392303467;0.5992987155914307
82;Data(x=[25, 11], edge_index=[2, 12], edge_attr=[12, 2], y=0.0, custom_label=0.0, min_label=0, max_label=6);0.0;4.2891795715149783e-07;4.229633081730339e-16;0.03482840955257416
83;Data(x=[41, 11], edge_index=[2, 8], edge_attr=[8, 2], y=36.0, custom_label=0.39130434, min_label=0, max_label=92);0.3913043439388275;0.6768327355384827;0.23031890392303467;0.6169602274894714
84;Data(x=[46, 11], edge_index=[2, 8], edge_attr=[8, 2], y=33.0, custom_label=0.2260274, min_label=0, max_label=146);0.22602739930152893;0.6768840551376343;0.23031890392303467;0.6232746243476868
85;Data(x=[38, 11], edge_index=[2, 10], edge_attr=[10, 2], y=31.0, custom_label=0.35227272, min_label=0, max_label=88);0.35227271914482117;0.47246965765953064;0.23031890392303467;0.5316017270088196
86;Data(x=[21, 11], edge_index=[2, 10], edge_attr=[10, 2], y=0.0, custom_label=0.0, min_label=0, max_label=8);0.0;5.642077915979371e-09;4.229633081730339e-16;0.045462798327207565
87;Data(x=[47, 11], edge_index=[2, 10], edge_attr=[10, 2], y=0.0, custom_label=0.0, min_label=0, max_label=6);0.0;0.22894762456417084;0.23031890392303467;0.3570471704006195
88;Data(x=[14, 11], edge_index=[2, 6], edge_attr=[6, 2], y=0.0, custom_label=0.0, min_label=0, max_label=51);0.0;5.276417596178362e-06;0.23031890392303467;0.09029793739318848
89;Data(x=[26, 11], edge_index=[2, 6], edge_attr=[6, 2], y=32.0, custom_label=0.6530612, min_label=0, max_label=49);0.6530612111091614;0.6767463088035583;0.23031890392303467;0.6059598922729492
90;Data(x=[24, 11], edge_index=[2, 10], edge_attr=[10, 2], y=0.0, custom_label=0.0, min_label=0, max_label=5);0.0;8.746162166062277e-06;0.23031890392303467;0.06768231093883514
91;Data(x=[28, 11], edge_index=[2, 12], edge_attr=[12, 2], y=0.0, custom_label=0.0, min_label=0, max_label=6);0.0;2.623329010020825e-06;0.23031890392303467;0.060738664120435715
92;Data(x=[37, 11], edge_index=[2, 10], edge_attr=[10, 2], y=1.0, custom_label=0.125, min_label=0, max_label=8);0.125;0.00258858990855515;0.23031890392303467;0.34035375714302063
93;Data(x=[30, 11], edge_index=[2, 10], edge_attr=[10, 2], y=0.0, custom_label=0.0, min_label=0, max_label=10);0.0;0.0007593600894324481;0.23031890392303467;0.14075206220149994
94;Data(x=[219, 11], edge_index=[2, 4], edge_attr=[4, 2], y=163.0, custom_label=0.37995338, min_label=0, max_label=429);0.37995338439941406;0.6772505044937134;0.23031890392303467;0.6614729166030884
95;Data(x=[36, 11], edge_index=[2, 24], edge_attr=[24, 2], y=13.0, custom_label=0.34210527, min_label=0, max_label=38);0.34210526943206787;1.6504265659023076e-05;0.23031890392303467;0.012231961823999882
96;Data(x=[27, 11], edge_index=[2, 8], edge_attr=[8, 2], y=0.0, custom_label=0.0, min_label=0, max_label=69);0.0;0.0001044893724611029;0.23031890392303467;0.23091179132461548
97;Data(x=[33, 11], edge_index=[2, 18], edge_attr=[18, 2], y=0.0, custom_label=0.0, min_label=0, max_label=25);0.0;2.1822217604494654e-05;6.856500931462506e-07;0.01624780148267746
98;Data(x=[50, 11], edge_index=[2, 26], edge_attr=[26, 2], y=10.0, custom_label=0.5882353, min_label=0, max_label=17);0.5882353186607361;0.00020771229173988104;0.23031890392303467;0.04139226675033569
99;Data(x=[41, 11], edge_index=[2, 8], edge_attr=[8, 2], y=2.0, custom_label=0.02173913, min_label=0, max_label=92);0.021739130839705467;0.31979066133499146;0.23031890392303467;0.5109685659408569
100;Data(x=[13, 11], edge_index=[2, 6], edge_attr=[6, 2], y=2.0, custom_label=0.057142857, min_label=0, max_label=35);0.05714285746216774;2.201521238021087e-05;0.23031890392303467;0.2381194680929184
101;Data(x=[47, 11], edge_index=[2, 10], edge_attr=[10, 2], y=104.0, custom_label=0.52791876, min_label=0, max_label=197);0.5279187560081482;0.6767899394035339;0.23031890392303467;0.6115920543670654
102;Data(x=[38, 11], edge_index=[2, 10], edge_attr=[10, 2], y=88.0, custom_label=1.0, min_label=0, max_label=88);1.0;0.29647648334503174;0.23031890392303467;0.4361475110054016
103;Data(x=[30, 11], edge_index=[2, 10], edge_attr=[10, 2], y=0.0, custom_label=0.0, min_label=0, max_label=5);0.0;0.0007593600894324481;0.23031890392303467;0.14075206220149994
104;Data(x=[44, 11], edge_index=[2, 26], edge_attr=[26, 2], y=9.0, custom_label=0.5294118, min_label=0, max_label=17);0.529411792755127;4.186045043752529e-05;0.23031890392303467;0.018739720806479454
105;Data(x=[21, 11], edge_index=[2, 8], edge_attr=[8, 2], y=0.0, custom_label=0.0, min_label=0, max_label=92);0.0;0.0019452983979135752;0.23031890392303467;0.10562610626220703
106;Data(x=[32, 11], edge_index=[2, 10], edge_attr=[10, 2], y=6.0, custom_label=0.75, min_label=0, max_label=8);0.75;0.001214768155477941;0.23031890392303467;0.39892297983169556
107;Data(x=[34, 11], edge_index=[2, 10], edge_attr=[10, 2], y=0.0, custom_label=0.0, min_label=0, max_label=8);0.0;0.011393960565328598;0.23031890392303467;0.1959856003522873
108;Data(x=[26, 11], edge_index=[2, 6], edge_attr=[6, 2], y=17.0, custom_label=0.3469388, min_label=0, max_label=49);0.3469387888908386;0.38718459010124207;0.23031890392303467;0.5171633362770081
109;Data(x=[47, 11], edge_index=[2, 10], edge_attr=[10, 2], y=46.0, custom_label=0.23350254, min_label=0, max_label=197);0.23350253701210022;0.23585432767868042;0.23031890392303467;0.4392915666103363
110;Data(x=[24, 11], edge_index=[2, 16], edge_attr=[16, 2], y=0.0, custom_label=0.0, min_label=0, max_label=13);0.0;0.001320920418947935;0.23031890392303467;0.011691775172948837
111;Data(x=[41, 11], edge_index=[2, 10], edge_attr=[10, 2], y=0.0, custom_label=0.0, min_label=0, max_label=6);0.0;0.0014436760684475303;0.23031890392303467;0.30427536368370056
112;Data(x=[219, 11], edge_index=[2, 4], edge_attr=[4, 2], y=3.0, custom_label=0.006993007, min_label=0, max_label=429);0.00699300691485405;0.6772505044937134;0.23031890392303467;0.6614729166030884
113;Data(x=[34, 11], edge_index=[2, 8], edge_attr=[8, 2], y=64.0, custom_label=0.7710843, min_label=0, max_label=83);0.7710843086242676;0.6767352223396301;0.23031890392303467;0.6044454574584961
114;Data(x=[46, 11], edge_index=[2, 8], edge_attr=[8, 2], y=77.0, custom_label=0.5273973, min_label=0, max_label=146);0.5273972749710083;0.6768840551376343;0.23031890392303467;0.6232746243476868
115;Data(x=[46, 11], edge_index=[2, 8], edge_attr=[8, 2], y=20.0, custom_label=0.1369863, min_label=0, max_label=146);0.13698630034923553;0.5058782696723938;0.23031890392303467;0.5935705900192261
116;Data(x=[29, 11], edge_index=[2, 10], edge_attr=[10, 2], y=1.0, custom_label=0.2, min_label=0, max_label=5);0.20000000298023224;0.014468180947005749;0.23031890392303467;0.21897105872631073
117;Data(x=[13, 11], edge_index=[2, 6], edge_attr=[6, 2], y=0.0, custom_label=0.0, min_label=0, max_label=35);0.0;0.0022696370724588633;2.436527211102657e-06;0.16737444698810577
118;Data(x=[21, 11], edge_index=[2, 8], edge_attr=[8, 2], y=1.0, custom_label=0.028571429, min_label=0, max_label=35);0.02857142873108387;0.11735811829566956;0.23031890392303467;0.2004384994506836
119;Data(x=[26, 11], edge_index=[2, 12], edge_attr=[12, 2], y=0.0, custom_label=0.0, min_label=0, max_label=8);0.0;0.005545237101614475;0.23031890392303467;0.05749287083745003
120;Data(x=[22, 11], edge_index=[2, 6], edge_attr=[6, 2], y=1.0, custom_label=0.028571429, min_label=0, max_label=35);0.02857142873108387;0.3404759466648102;0.23031890392303467;0.4552037715911865
121;Data(x=[25, 11], edge_index=[2, 12], edge_attr=[12, 2], y=0.0, custom_label=0.0, min_label=0, max_label=6);0.0;6.455891707446426e-06;0.23031890392303467;0.03870604932308197
122;Data(x=[22, 11], edge_index=[2, 10], edge_attr=[10, 2], y=0.0, custom_label=0.0, min_label=0, max_label=10);0.0;0.04021112248301506;0.23031890392303467;0.07252436876296997
123;Data(x=[32, 11], edge_index=[2, 16], edge_attr=[16, 2], y=0.0, custom_label=0.0, min_label=0, max_label=13);0.0;0.00011333548900438473;0.23031890392303467;0.025646930560469627
124;Data(x=[34, 11], edge_index=[2, 8], edge_attr=[8, 2], y=11.0, custom_label=0.13253012, min_label=0, max_label=83);0.1325301229953766;0.26165658235549927;0.23031890392303467;0.43788543343544006
125;Data(x=[24, 11], edge_index=[2, 10], edge_attr=[10, 2], y=0.0, custom_label=0.0, min_label=0, max_label=8);0.0;0.004049104172736406;0.23031890392303467;0.09207384288311005
126;Data(x=[47, 11], edge_index=[2, 10], edge_attr=[10, 2], y=31.0, custom_label=0.1573604, min_label=0, max_label=197);0.15736040472984314;0.23585432767868042;0.23031890392303467;0.4392915666103363
127;Data(x=[24, 11], edge_index=[2, 10], edge_attr=[10, 2], y=0.0, custom_label=0.0, min_label=0, max_label=10);0.0;1.1109831575595308e-05;0.23031890392303467;0.07565033435821533
128;Data(x=[41, 11], edge_index=[2, 8], edge_attr=[8, 2], y=33.0, custom_label=0.35869566, min_label=0, max_label=92);0.3586956560611725;0.6768327355384827;0.23031890392303467;0.6169602274894714
129;Data(x=[29, 11], edge_index=[2, 12], edge_attr=[12, 2], y=0.0, custom_label=0.0, min_label=0, max_label=6);0.0;0.0006699528894387186;2.007331386266742e-05;0.09372131526470184
130;Data(x=[28, 11], edge_index=[2, 10], edge_attr=[10, 2], y=1.0, custom_label=0.2, min_label=0, max_label=5);0.20000000298023224;1.5991625332389958e-05;0.23031890392303467;0.20181147754192352
131;Data(x=[25, 11], edge_index=[2, 12], edge_attr=[12, 2], y=2.0, custom_label=0.33333334, min_label=0, max_label=6);0.3333333432674408;1.24141919854992e-07;4.229633081730339e-16;0.06697213649749756
132;Data(x=[19, 11], edge_index=[2, 6], edge_attr=[6, 2], y=13.0, custom_label=0.25490198, min_label=0, max_label=51);0.2549019753932953;0.2964259088039398;0.23031890392303467;0.38769981265068054
133;Data(x=[50, 11], edge_index=[2, 8], edge_attr=[8, 2], y=69.0, custom_label=1.0, min_label=0, max_label=69);1.0;0.6769178509712219;0.23031890392303467;0.6273796558380127
134;Data(x=[41, 11], edge_index=[2, 8], edge_attr=[8, 2], y=51.0, custom_label=0.5543478, min_label=0, max_label=92);0.554347813129425;0.6768327355384827;0.23031890392303467;0.6169602274894714
135;Data(x=[31, 11], edge_index=[2, 10], edge_attr=[10, 2], y=2.0, custom_label=0.25, min_label=0, max_label=8);0.25;0.019426709040999413;0.23031890392303467;0.2519620656967163
136;Data(x=[47, 11], edge_index=[2, 10], edge_attr=[10, 2], y=62.0, custom_label=0.3147208, min_label=0, max_label=197);0.3147208094596863;0.5092475414276123;0.23031890392303467;0.5766596794128418
137;Data(x=[26, 11], edge_index=[2, 10], edge_attr=[10, 2], y=0.0, custom_label=0.0, min_label=0, max_label=8);0.0;0.00023915452766232193;0.23031890392303467;0.08975589275360107
138;Data(x=[37, 11], edge_index=[2, 24], edge_attr=[24, 2], y=5.0, custom_label=0.13157895, min_label=0, max_label=38);0.1315789520740509;0.0001663760340306908;0.23031890392303467;0.034710194915533066
139;Data(x=[23, 11], edge_index=[2, 10], edge_attr=[10, 2], y=0.0, custom_label=0.0, min_label=0, max_label=10);0.0;0.003196313977241516;0.23031890392303467;0.08471841365098953
140;Data(x=[26, 11], edge_index=[2, 10], edge_attr=[10, 2], y=0.0, custom_label=0.0, min_label=0, max_label=5);0.0;0.00012452529335860163;2.7776131241258964e-21;0.12554019689559937
141;Data(x=[23, 11], edge_index=[2, 10], edge_attr=[10, 2], y=0.0, custom_label=0.0, min_label=0, max_label=8);0.0;7.72088096709922e-05;6.20419342567402e-08;0.057753417640924454
142;Data(x=[32, 11], edge_index=[2, 12], edge_attr=[12, 2], y=0.0, custom_label=0.0, min_label=0, max_label=12);0.0;1.3620923709822819e-05;0.23031890392303467;0.09724856168031693
143;Data(x=[30, 11], edge_index=[2, 12], edge_attr=[12, 2], y=2.0, custom_label=0.25, min_label=0, max_label=8);0.25;0.004118261858820915;0.23031890392303467;0.16467906534671783
144;Data(x=[44, 11], edge_index=[2, 26], edge_attr=[26, 2], y=7.0, custom_label=0.4117647, min_label=0, max_label=17);0.4117647111415863;4.186045043752529e-05;0.23031890392303467;0.018739724531769753
145;Data(x=[19, 11], edge_index=[2, 6], edge_attr=[6, 2], y=7.0, custom_label=0.14285715, min_label=0, max_label=49);0.1428571492433548;0.01890350505709648;0.23031890392303467;0.42681264877319336
146;Data(x=[11, 11], edge_index=[2, 6], edge_attr=[6, 2], y=0.0, custom_label=0.0, min_label=0, max_label=35);0.0;2.958017546461633e-07;6.856500931462506e-07;0.045825112611055374
147;Data(x=[39, 11], edge_index=[2, 10], edge_attr=[10, 2], y=102.0, custom_label=0.9622642, min_label=0, max_label=106);0.9622641801834106;0.4773448407649994;0.23031890392303467;0.53852379322052
148;Data(x=[15, 11], edge_index=[2, 6], edge_attr=[6, 2], y=0.0, custom_label=0.0, min_label=0, max_label=49);0.0;0.0007593984482809901;1.840450210011113e-07;0.11319749057292938
149;Data(x=[38, 11], edge_index=[2, 10], edge_attr=[10, 2], y=24.0, custom_label=0.27272728, min_label=0, max_label=88);0.27272728085517883;0.47246965765953064;0.23031890392303467;0.5316017270088196
150;Data(x=[32, 11], edge_index=[2, 18], edge_attr=[18, 2], y=1.0, custom_label=0.04, min_label=0, max_label=25);0.03999999910593033;0.00023701143800280988;0.23031890392303467;0.02101731486618519
151;Data(x=[39, 11], edge_index=[2, 10], edge_attr=[10, 2], y=90.0, custom_label=0.8490566, min_label=0, max_label=106);0.849056601524353;0.6766828894615173;0.23031890392303467;0.5970451831817627
152;Data(x=[41, 11], edge_index=[2, 8], edge_attr=[8, 2], y=88.0, custom_label=0.95652175, min_label=0, max_label=92);0.95652174949646;0.6768327355384827;0.23031890392303467;0.6169602274894714
153;Data(x=[46, 11], edge_index=[2, 8], edge_attr=[8, 2], y=120.0, custom_label=0.82191783, min_label=0, max_label=146);0.8219178318977356;0.6768840551376343;0.23031890392303467;0.6232746243476868
154;Data(x=[42, 11], edge_index=[2, 10], edge_attr=[10, 2], y=0.0, custom_label=0.0, min_label=0, max_label=6);0.0;0.0017012471798807383;0.23031890392303467;0.3165697753429413
155;Data(x=[45, 11], edge_index=[2, 26], edge_attr=[26, 2], y=10.0, custom_label=0.5882353, min_label=0, max_label=17);0.5882353186607361;1.6533583675482078e-06;2.5362647093629676e-08;0.024354614317417145
156;Data(x=[47, 11], edge_index=[2, 10], edge_attr=[10, 2], y=86.0, custom_label=0.43654823, min_label=0, max_label=197);0.43654823303222656;0.5092475414276123;0.23031890392303467;0.5766596794128418
157;Data(x=[32, 11], edge_index=[2, 8], edge_attr=[8, 2], y=49.0, custom_label=0.45794392, min_label=0, max_label=107);0.4579439163208008;0.4371718764305115;0.23031890392303467;0.5259080529212952
158;Data(x=[219, 11], edge_index=[2, 4], edge_attr=[4, 2], y=22.0, custom_label=0.051282052, min_label=0, max_label=429);0.05128205195069313;0.6772505044937134;0.23031890392303467;0.6614729166030884
159;Data(x=[47, 11], edge_index=[2, 10], edge_attr=[10, 2], y=5.0, custom_label=0.02538071, min_label=0, max_label=197);0.025380710139870644;0.359413206577301;0.23031890392303467;0.5177987217903137
160;Data(x=[50, 11], edge_index=[2, 8], edge_attr=[8, 2], y=9.0, custom_label=0.13043478, min_label=0, max_label=69);0.1304347813129425;0.518502414226532;0.23031890392303467;0.601248025894165
161;Data(x=[46, 11], edge_index=[2, 8], edge_attr=[8, 2], y=62.0, custom_label=0.42465752, min_label=0, max_label=146);0.42465752363204956;0.6768840551376343;0.23031890392303467;0.6232746243476868
162;Data(x=[219, 11], edge_index=[2, 4], edge_attr=[4, 2], y=13.0, custom_label=0.030303031, min_label=0, max_label=429);0.03030303120613098;0.6772505044937134;0.23031890392303467;0.6614729166030884
163;Data(x=[47, 11], edge_index=[2, 10], edge_attr=[10, 2], y=63.0, custom_label=0.31979695, min_label=0, max_label=197);0.31979694962501526;0.5092475414276123;0.23031890392303467;0.5766596794128418
164;Data(x=[47, 11], edge_index=[2, 10], edge_attr=[10, 2], y=7.0, custom_label=0.035532996, min_label=0, max_label=197);0.03553299605846405;0.359413206577301;0.23031890392303467;0.5177987217903137
165;Data(x=[32, 11], edge_index=[2, 8], edge_attr=[8, 2], y=82.0, custom_label=0.76635516, min_label=0, max_label=107);0.7663551568984985;0.6766988039016724;0.23031890392303467;0.5992987155914307
166;Data(x=[29, 11], edge_index=[2, 12], edge_attr=[12, 2], y=0.0, custom_label=0.0, min_label=0, max_label=8);0.0;0.0002450162428431213;0.23031890392303467;0.06318219751119614
167;Data(x=[34, 11], edge_index=[2, 8], edge_attr=[8, 2], y=70.0, custom_label=0.8433735, min_label=0, max_label=83);0.8433734774589539;0.6767352223396301;0.23031890392303467;0.6044454574584961
168;Data(x=[50, 11], edge_index=[2, 8], edge_attr=[8, 2], y=25.0, custom_label=0.36231884, min_label=0, max_label=69);0.36231884360313416;0.518502414226532;0.23031890392303467;0.601248025894165
169;Data(x=[219, 11], edge_index=[2, 4], edge_attr=[4, 2], y=168.0, custom_label=0.3916084, min_label=0, max_label=429);0.3916083872318268;0.6772505044937134;0.23031890392303467;0.6614729166030884
170;Data(x=[16, 11], edge_index=[2, 8], edge_attr=[8, 2], y=3.0, custom_label=0.08571429, min_label=0, max_label=35);0.08571428805589676;3.5945835406892e-05;0.23031890392303467;0.10788105428218842
171;Data(x=[31, 11], edge_index=[2, 12], edge_attr=[12, 2], y=10.0, custom_label=0.8333333, min_label=0, max_label=12);0.8333333134651184;2.870833441193099e-06;0.23031890392303467;0.1363232433795929
172;Data(x=[25, 11], edge_index=[2, 10], edge_attr=[10, 2], y=0.0, custom_label=0.0, min_label=0, max_label=5);0.0;1.484972813159402e-06;2.5362647093629676e-08;0.087115079164505
173;Data(x=[27, 11], edge_index=[2, 10], edge_attr=[10, 2], y=0.0, custom_label=0.0, min_label=0, max_label=5);0.0;0.0003296721260994673;0.23031890392303467;0.10160467773675919
174;Data(x=[25, 11], edge_index=[2, 10], edge_attr=[10, 2], y=0.0, custom_label=0.0, min_label=0, max_label=5);0.0;0.0020193252712488174;1.840450210011113e-07;0.07850334048271179
175;Data(x=[47, 11], edge_index=[2, 10], edge_attr=[10, 2], y=28.0, custom_label=0.14213198, min_label=0, max_label=197);0.1421319842338562;0.23585432767868042;0.23031890392303467;0.4392915666103363
176;Data(x=[30, 11], edge_index=[2, 18], edge_attr=[18, 2], y=3.0, custom_label=0.12, min_label=0, max_label=25);0.11999999731779099;0.0007029490661807358;0.23031890392303467;0.02036750316619873
177;Data(x=[219, 11], edge_index=[2, 4], edge_attr=[4, 2], y=144.0, custom_label=0.33566433, min_label=0, max_label=429);0.3356643319129944;0.6772505044937134;0.23031890392303467;0.6614729166030884
178;Data(x=[26, 11], edge_index=[2, 10], edge_attr=[10, 2], y=0.0, custom_label=0.0, min_label=0, max_label=5);0.0;0.0002983891172334552;0.23031890392303467;0.0993540808558464
179;Data(x=[19, 11], edge_index=[2, 10], edge_attr=[10, 2], y=0.0, custom_label=0.0, min_label=0, max_label=10);0.0;2.0721272164792026e-07;9.365903396165346e-30;0.046974584460258484
180;Data(x=[46, 11], edge_index=[2, 8], edge_attr=[8, 2], y=71.0, custom_label=0.48630136, min_label=0, max_label=146);0.48630136251449585;0.6768840551376343;0.23031890392303467;0.6232746243476868
181;Data(x=[24, 11], edge_index=[2, 10], edge_attr=[10, 2], y=0.0, custom_label=0.0, min_label=0, max_label=10);0.0;8.374680646738852e-07;1.840450210011113e-07;0.07558856904506683
182;Data(x=[15, 11], edge_index=[2, 6], edge_attr=[6, 2], y=0.0, custom_label=0.0, min_label=0, max_label=51);0.0;0.0007593984482809901;0.23031890392303467;0.11319749057292938
183;Data(x=[32, 11], edge_index=[2, 8], edge_attr=[8, 2], y=86.0, custom_label=0.8037383, min_label=0, max_label=107);0.8037382960319519;0.6766988039016724;0.23031890392303467;0.5992987155914307
184;Data(x=[38, 11], edge_index=[2, 10], edge_attr=[10, 2], y=39.0, custom_label=0.4431818, min_label=0, max_label=88);0.4431818127632141;0.47246965765953064;0.23031890392303467;0.5316017270088196
185;Data(x=[15, 11], edge_index=[2, 10], edge_attr=[10, 2], y=0.0, custom_label=0.0, min_label=0, max_label=17);0.0;0.0005047261947765946;1.7230471547970316e-22;0.008009000681340694
186;Data(x=[17, 11], edge_index=[2, 12], edge_attr=[12, 2], y=0.0, custom_label=0.0, min_label=0, max_label=6);0.0;5.197842156690058e-10;5.38281655864905e-16;0.005788214970380068
187;Data(x=[45, 11], edge_index=[2, 18], edge_attr=[18, 2], y=25.0, custom_label=1.0, min_label=0, max_label=25);1.0;0.6763173937797546;0.23031890392303467;0.5109903812408447
188;Data(x=[50, 11], edge_index=[2, 8], edge_attr=[8, 2], y=48.0, custom_label=0.6956522, min_label=0, max_label=69);0.695652186870575;0.6769178509712219;0.23031890392303467;0.6273796558380127
189;Data(x=[12, 11], edge_index=[2, 6], edge_attr=[6, 2], y=0.0, custom_label=0.0, min_label=0, max_label=35);0.0;2.6785575755639002e-05;0.23031890392303467;0.05051520839333534
190;Data(x=[32, 11], edge_index=[2, 8], edge_attr=[8, 2], y=98.0, custom_label=0.91588783, min_label=0, max_label=107);0.9158878326416016;0.6766988039016724;0.23031890392303467;0.5992987155914307
191;Data(x=[219, 11], edge_index=[2, 4], edge_attr=[4, 2], y=135.0, custom_label=0.3146853, min_label=0, max_label=429);0.31468531489372253;0.6772505044937134;0.23031890392303467;0.6614729166030884
192;Data(x=[34, 11], edge_index=[2, 12], edge_attr=[12, 2], y=6.0, custom_label=0.5, min_label=0, max_label=12);0.5;0.003698701737448573;0.23031890392303467;0.16235274076461792
193;Data(x=[39, 11], edge_index=[2, 10], edge_attr=[10, 2], y=69.0, custom_label=0.6509434, min_label=0, max_label=106);0.650943398475647;0.4773448407649994;0.23031890392303467;0.53852379322052
194;Data(x=[29, 11], edge_index=[2, 12], edge_attr=[12, 2], y=0.0, custom_label=0.0, min_label=0, max_label=7);0.0;0.005693729966878891;0.23031890392303467;0.09378143399953842
195;Data(x=[16, 11], edge_index=[2, 6], edge_attr=[6, 2], y=0.0, custom_label=0.0, min_label=0, max_label=51);0.0;0.019263286143541336;0.23031890392303467;0.13588175177574158
196;Data(x=[12, 11], edge_index=[2, 6], edge_attr=[6, 2], y=0.0, custom_label=0.0, min_label=0, max_label=35);0.0;0.13577140867710114;0.23031890392303467;0.0508282445371151
197;Data(x=[22, 11], edge_index=[2, 6], edge_attr=[6, 2], y=33.0, custom_label=0.94285715, min_label=0, max_label=35);0.9428571462631226;0.6766425967216492;0.23031890392303467;0.5908410549163818
198;Data(x=[15, 11], edge_index=[2, 8], edge_attr=[8, 2], y=0.0, custom_label=0.0, min_label=0, max_label=35);0.0;3.585592622812328e-08;6.204205504900528e-08;0.029471876099705696
199;Data(x=[30, 11], edge_index=[2, 10], edge_attr=[10, 2], y=0.0, custom_label=0.0, min_label=0, max_label=8);0.0;5.330231215339154e-05;0.23031890392303467;0.1396072953939438
200;Data(x=[32, 11], edge_index=[2, 8], edge_attr=[8, 2], y=76.0, custom_label=0.71028036, min_label=0, max_label=107);0.7102803587913513;0.6766988039016724;0.23031890392303467;0.5992987155914307
201;Data(x=[21, 11], edge_index=[2, 10], edge_attr=[10, 2], y=5.0, custom_label=0.29411766, min_label=0, max_label=17);0.29411765933036804;1.5851682064749184e-06;2.5362647093629676e-08;0.18941372632980347
202;Data(x=[38, 11], edge_index=[2, 10], edge_attr=[10, 2], y=58.0, custom_label=0.65909094, min_label=0, max_label=88);0.6590909361839294;0.29647648334503174;0.23031890392303467;0.436147540807724
203;Data(x=[38, 11], edge_index=[2, 10], edge_attr=[10, 2], y=0.0, custom_label=0.0, min_label=0, max_label=6);0.0;0.012034748680889606;0.23031890392303467;0.3032023012638092
204;Data(x=[219, 11], edge_index=[2, 4], edge_attr=[4, 2], y=370.0, custom_label=0.86247087, min_label=0, max_label=429);0.8624708652496338;0.6772505044937134;0.23031890392303467;0.6614729166030884
205;Data(x=[47, 11], edge_index=[2, 10], edge_attr=[10, 2], y=153.0, custom_label=0.7766498, min_label=0, max_label=197);0.7766497731208801;0.6767899394035339;0.23031890392303467;0.6115920543670654
206;Data(x=[219, 11], edge_index=[2, 4], edge_attr=[4, 2], y=71.0, custom_label=0.16550116, min_label=0, max_label=429);0.1655011624097824;0.6772505044937134;0.23031890392303467;0.6614729166030884
207;Data(x=[219, 11], edge_index=[2, 4], edge_attr=[4, 2], y=159.0, custom_label=0.37062937, min_label=0, max_label=429);0.37062937021255493;0.6772505044937134;0.23031890392303467;0.6614729166030884
208;Data(x=[34, 11], edge_index=[2, 16], edge_attr=[16, 2], y=0.0, custom_label=0.0, min_label=0, max_label=13);0.0;3.761541665880941e-05;1.840450210011113e-07;0.035832133144140244
209;Data(x=[219, 11], edge_index=[2, 4], edge_attr=[4, 2], y=425.0, custom_label=0.990676, min_label=0, max_label=429);0.9906759858131409;0.6772505044937134;0.23031890392303467;0.6614729166030884
210;Data(x=[219, 11], edge_index=[2, 4], edge_attr=[4, 2], y=41.0, custom_label=0.09557109, min_label=0, max_label=429);0.09557109326124191;0.6772505044937134;0.23031890392303467;0.6614729166030884
211;Data(x=[219, 11], edge_index=[2, 4], edge_attr=[4, 2], y=164.0, custom_label=0.38228437, min_label=0, max_label=429);0.38228437304496765;0.6772505044937134;0.23031890392303467;0.6614729166030884
212;Data(x=[26, 11], edge_index=[2, 6], edge_attr=[6, 2], y=5.0, custom_label=0.10204082, min_label=0, max_label=49);0.10204081982374191;0.38718459010124207;0.23031890392303467;0.5171633362770081
213;Data(x=[21, 11], edge_index=[2, 8], edge_attr=[8, 2], y=7.0, custom_label=0.2, min_label=0, max_label=35);0.20000000298023224;0.3267752230167389;0.23031890392303467;0.34858670830726624
214;Data(x=[32, 11], edge_index=[2, 8], edge_attr=[8, 2], y=93.0, custom_label=0.86915886, min_label=0, max_label=107);0.8691588640213013;0.6766988039016724;0.23031890392303467;0.5992987155914307
215;Data(x=[19, 11], edge_index=[2, 6], edge_attr=[6, 2], y=11.0, custom_label=0.2244898, min_label=0, max_label=49);0.22448979318141937;0.01890350505709648;0.23031890392303467;0.42681264877319336
216;Data(x=[45, 11], edge_index=[2, 18], edge_attr=[18, 2], y=19.0, custom_label=0.76, min_label=0, max_label=25);0.7599999904632568;0.346937358379364;0.23031890392303467;0.3436817526817322
217;Data(x=[21, 11], edge_index=[2, 10], edge_attr=[10, 2], y=0.0, custom_label=0.0, min_label=0, max_label=17);0.0;0.000583395769353956;0.23031890392303467;0.04020150378346443
218;Data(x=[219, 11], edge_index=[2, 4], edge_attr=[4, 2], y=380.0, custom_label=0.8857809, min_label=0, max_label=429);0.8857808709144592;0.6772505044937134;0.23031890392303467;0.6614729166030884
219;Data(x=[32, 11], edge_index=[2, 10], edge_attr=[10, 2], y=63.0, custom_label=0.6631579, min_label=0, max_label=95);0.6631578803062439;0.6765413284301758;0.23031890392303467;0.5708929896354675
220;Data(x=[10, 11], edge_index=[2, 6], edge_attr=[6, 2], y=0.0, custom_label=0.0, min_label=0, max_label=51);0.0;0.08949679136276245;0.23031890392303467;0.023649999871850014
221;Data(x=[25, 11], edge_index=[2, 10], edge_attr=[10, 2], y=0.0, custom_label=0.0, min_label=0, max_label=8);0.0;1.7764179574442096e-05;0.23031890392303467;0.08718036115169525
222;Data(x=[32, 11], edge_index=[2, 10], edge_attr=[10, 2], y=2.0, custom_label=0.25, min_label=0, max_label=8);0.25;0.001214768155477941;0.23031890392303467;0.39892297983169556
223;Data(x=[219, 11], edge_index=[2, 4], edge_attr=[4, 2], y=239.0, custom_label=0.55710953, min_label=0, max_label=429);0.557109534740448;0.6772505044937134;0.23031890392303467;0.6614729166030884
224;Data(x=[13, 11], edge_index=[2, 6], edge_attr=[6, 2], y=1.0, custom_label=0.028571429, min_label=0, max_label=35);0.02857142873108387;0.0016844935016706586;6.204205504900528e-08;0.19802074134349823
225;Data(x=[47, 11], edge_index=[2, 10], edge_attr=[10, 2], y=69.0, custom_label=0.35025382, min_label=0, max_label=197);0.3502538204193115;0.5092475414276123;0.23031890392303467;0.5766596794128418
226;Data(x=[20, 11], edge_index=[2, 10], edge_attr=[10, 2], y=0.0, custom_label=0.0, min_label=0, max_label=17);0.0;1.7753560314304195e-05;0.23031890392303467;0.03272484242916107
227;Data(x=[26, 11], edge_index=[2, 12], edge_attr=[12, 2], y=0.0, custom_label=0.0, min_label=0, max_label=6);0.0;0.000982246594503522;0.23031890392303467;0.041119325906038284
228;Data(x=[219, 11], edge_index=[2, 4], edge_attr=[4, 2], y=378.0, custom_label=0.8811189, min_label=0, max_label=429);0.881118893623352;0.6772505044937134;0.23031890392303467;0.6614729166030884
229;Data(x=[219, 11], edge_index=[2, 4], edge_attr=[4, 2], y=306.0, custom_label=0.7132867, min_label=0, max_label=429);0.7132866978645325;0.6772505044937134;0.23031890392303467;0.6614729166030884
230;Data(x=[32, 11], edge_index=[2, 10], edge_attr=[10, 2], y=0.0, custom_label=0.0, min_label=0, max_label=8);0.0;0.010072118602693081;0.23031890392303467;0.1821543127298355
231;Data(x=[31, 11], edge_index=[2, 12], edge_attr=[12, 2], y=12.0, custom_label=1.0, min_label=0, max_label=12);1.0;2.87083639705088e-06;0.23031890392303467;0.1363232433795929
232;Data(x=[41, 11], edge_index=[2, 8], edge_attr=[8, 2], y=16.0, custom_label=0.17391305, min_label=0, max_label=92);0.17391304671764374;0.4864371120929718;0.23031890392303467;0.579070508480072
233;Data(x=[28, 11], edge_index=[2, 16], edge_attr=[16, 2], y=4.0, custom_label=0.30769232, min_label=0, max_label=13);0.3076923191547394;2.8336448849586304e-06;1.7230404652565553e-22;0.0316774845123291
234;Data(x=[46, 11], edge_index=[2, 8], edge_attr=[8, 2], y=108.0, custom_label=0.739726, min_label=0, max_label=146);0.7397260069847107;0.6768840551376343;0.23031890392303467;0.6232746243476868
235;Data(x=[32, 11], edge_index=[2, 10], edge_attr=[10, 2], y=0.0, custom_label=0.0, min_label=0, max_label=6);0.0;0.0003650306898634881;6.20419342567402e-08;0.1672024130821228
236;Data(x=[34, 11], edge_index=[2, 8], edge_attr=[8, 2], y=24.0, custom_label=0.28915662, min_label=0, max_label=83);0.28915661573410034;0.26165658235549927;0.23031890392303467;0.43788543343544006
237;Data(x=[28, 11], edge_index=[2, 16], edge_attr=[16, 2], y=13.0, custom_label=1.0, min_label=0, max_label=13);1.0;0.0008789920248091221;0.23031890392303467;0.11342868953943253
238;Data(x=[47, 11], edge_index=[2, 10], edge_attr=[10, 2], y=149.0, custom_label=0.75634515, min_label=0, max_label=197);0.7563451528549194;0.6767899394035339;0.23031890392303467;0.6115920543670654
239;Data(x=[47, 11], edge_index=[2, 10], edge_attr=[10, 2], y=173.0, custom_label=0.8781726, min_label=0, max_label=197);0.8781725764274597;0.6767899394035339;0.23031890392303467;0.6115920543670654
240;Data(x=[42, 11], edge_index=[2, 10], edge_attr=[10, 2], y=0.0, custom_label=0.0, min_label=0, max_label=6);0.0;8.841826638672501e-05;0.23031890392303467;0.316421777009964
241;Data(x=[19, 11], edge_index=[2, 10], edge_attr=[10, 2], y=0.0, custom_label=0.0, min_label=0, max_label=8);0.0;1.9339909229643126e-08;0.23031890392303467;0.029952354729175568
242;Data(x=[28, 11], edge_index=[2, 10], edge_attr=[10, 2], y=0.0, custom_label=0.0, min_label=0, max_label=8);0.0;0.0005451124743558466;0.23031890392303467;0.12574489414691925
243;Data(x=[219, 11], edge_index=[2, 4], edge_attr=[4, 2], y=161.0, custom_label=0.37529138, min_label=0, max_label=429);0.3752913773059845;0.6772505044937134;0.23031890392303467;0.6614729166030884
244;Data(x=[25, 11], edge_index=[2, 8], edge_attr=[8, 2], y=0.0, custom_label=0.0, min_label=0, max_label=83);0.0;4.888104012934491e-05;1.35807545764699e-11;0.19384348392486572
245;Data(x=[25, 11], edge_index=[2, 10], edge_attr=[10, 2], y=6.0, custom_label=0.3529412, min_label=0, max_label=17);0.3529411852359772;0.0002967343607451767;3.9234287421980143e-23;0.20998452603816986
246;Data(x=[37, 11], edge_index=[2, 10], edge_attr=[10, 2], y=0.0, custom_label=0.0, min_label=0, max_label=6);0.0;0.003155882703140378;0.23031890392303467;0.23684333264827728
247;Data(x=[46, 11], edge_index=[2, 8], edge_attr=[8, 2], y=73.0, custom_label=0.5, min_label=0, max_label=146);0.5;0.6768840551376343;0.23031890392303467;0.6232746243476868
248;Data(x=[219, 11], edge_index=[2, 4], edge_attr=[4, 2], y=111.0, custom_label=0.25874126, min_label=0, max_label=429);0.25874125957489014;0.6772505044937134;0.23031890392303467;0.6614729166030884
249;Data(x=[219, 11], edge_index=[2, 4], edge_attr=[4, 2], y=190.0, custom_label=0.44289044, min_label=0, max_label=429);0.4428904354572296;0.6772505044937134;0.23031890392303467;0.6614729166030884
250;Data(x=[34, 11], edge_index=[2, 8], edge_attr=[8, 2], y=77.0, custom_label=0.92771083, min_label=0, max_label=83);0.9277108311653137;0.6767352223396301;0.23031890392303467;0.6044454574584961
251;Data(x=[41, 11], edge_index=[2, 8], edge_attr=[8, 2], y=1.0, custom_label=0.010869565, min_label=0, max_label=92);0.010869565419852734;0.31979066133499146;0.23031890392303467;0.5109685659408569
252;Data(x=[35, 11], edge_index=[2, 24], edge_attr=[24, 2], y=7.0, custom_label=0.18421052, min_label=0, max_label=38);0.18421052396297455;3.0597682609823096e-08;1.0377946137339806e-15;0.011001341044902802
253;Data(x=[38, 11], edge_index=[2, 10], edge_attr=[10, 2], y=36.0, custom_label=0.4090909, min_label=0, max_label=88);0.40909090638160706;0.29647648334503174;0.23031890392303467;0.4361475110054016
254;Data(x=[26, 11], edge_index=[2, 12], edge_attr=[12, 2], y=2.0, custom_label=0.33333334, min_label=0, max_label=6);0.3333333432674408;0.000584466615691781;0.23031890392303467;0.09255626797676086
255;Data(x=[19, 11], edge_index=[2, 6], edge_attr=[6, 2], y=22.0, custom_label=0.43137255, min_label=0, max_label=51);0.4313725531101227;0.2964259088039398;0.23031890392303467;0.38769981265068054
256;Data(x=[37, 11], edge_index=[2, 24], edge_attr=[24, 2], y=28.0, custom_label=0.7368421, min_label=0, max_label=38);0.7368420958518982;0.0002965327294077724;0.23031890392303467;0.06377056241035461
257;Data(x=[20, 11], edge_index=[2, 10], edge_attr=[10, 2], y=3.0, custom_label=0.1764706, min_label=0, max_label=17);0.1764705926179886;0.271219938993454;0.23031890392303467;0.10495968163013458
258;Data(x=[32, 11], edge_index=[2, 10], edge_attr=[10, 2], y=58.0, custom_label=0.6105263, min_label=0, max_label=95);0.6105263233184814;0.6765413284301758;0.23031890392303467;0.5708929896354675
259;Data(x=[39, 11], edge_index=[2, 10], edge_attr=[10, 2], y=84.0, custom_label=0.7924528, min_label=0, max_label=106);0.7924528121948242;0.6766828894615173;0.23031890392303467;0.5970451831817627
260;Data(x=[219, 11], edge_index=[2, 4], edge_attr=[4, 2], y=62.0, custom_label=0.14452215, min_label=0, max_label=429);0.14452214539051056;0.6772505044937134;0.23031890392303467;0.6614729166030884
261;Data(x=[19, 11], edge_index=[2, 6], edge_attr=[6, 2], y=11.0, custom_label=0.21568628, min_label=0, max_label=51);0.21568627655506134;0.2964259088039398;0.23031890392303467;0.38769981265068054
262;Data(x=[50, 11], edge_index=[2, 8], edge_attr=[8, 2], y=3.0, custom_label=0.04347826, min_label=0, max_label=69);0.043478261679410934;0.37669169902801514;0.23031890392303467;0.5621236562728882
263;Data(x=[45, 11], edge_index=[2, 18], edge_attr=[18, 2], y=23.0, custom_label=0.92, min_label=0, max_label=25);0.9200000166893005;0.6763173937797546;0.23031890392303467;0.5109903812408447
264;Data(x=[32, 11], edge_index=[2, 12], edge_attr=[12, 2], y=0.0, custom_label=0.0, min_label=0, max_label=12);0.0;0.001151985372416675;1.840450210011113e-07;0.08913230895996094
265;Data(x=[45, 11], edge_index=[2, 18], edge_attr=[18, 2], y=1.0, custom_label=0.04, min_label=0, max_label=25);0.03999999910593033;0.02684803307056427;0.23031890392303467;0.083512082695961
266;Data(x=[219, 11], edge_index=[2, 4], edge_attr=[4, 2], y=151.0, custom_label=0.35198134, min_label=0, max_label=429);0.35198134183883667;0.6772505044937134;0.23031890392303467;0.6614729166030884
267;Data(x=[47, 11], edge_index=[2, 10], edge_attr=[10, 2], y=30.0, custom_label=0.15228426, min_label=0, max_label=197);0.15228426456451416;0.23585432767868042;0.23031890392303467;0.4392915666103363
268;Data(x=[41, 11], edge_index=[2, 8], edge_attr=[8, 2], y=62.0, custom_label=0.67391306, min_label=0, max_label=92);0.6739130616188049;0.6768327355384827;0.23031890392303467;0.6169602274894714
269;Data(x=[13, 11], edge_index=[2, 6], edge_attr=[6, 2], y=0.0, custom_label=0.0, min_label=0, max_label=35);0.0;0.00023916865757200867;1.840450210011113e-07;0.0697779506444931
270;Data(x=[219, 11], edge_index=[2, 4], edge_attr=[4, 2], y=236.0, custom_label=0.55011654, min_label=0, max_label=429);0.5501165390014648;0.6772505044937134;0.23031890392303467;0.6614729166030884
271;Data(x=[39, 11], edge_index=[2, 10], edge_attr=[10, 2], y=0.0, custom_label=0.0, min_label=0, max_label=6);0.0;0.02109410986304283;0.23031890392303467;0.2632785737514496
272;Data(x=[34, 11], edge_index=[2, 8], edge_attr=[8, 2], y=34.0, custom_label=0.40963855, min_label=0, max_label=83);0.40963855385780334;0.45025384426116943;0.23031890392303467;0.5422231554985046
273;Data(x=[219, 11], edge_index=[2, 4], edge_attr=[4, 2], y=92.0, custom_label=0.2144522, min_label=0, max_label=429);0.21445220708847046;0.6772505044937134;0.23031890392303467;0.6614729166030884
274;Data(x=[14, 11], edge_index=[2, 6], edge_attr=[6, 2], y=0.0, custom_label=0.0, min_label=0, max_label=51);0.0;0.03692507743835449;0.23031890392303467;0.09053893387317657
275;Data(x=[41, 11], edge_index=[2, 8], edge_attr=[8, 2], y=31.0, custom_label=0.33695653, min_label=0, max_label=92);0.33695653080940247;0.6768327355384827;0.23031890392303467;0.6169602274894714
276;Data(x=[47, 11], edge_index=[2, 10], edge_attr=[10, 2], y=144.0, custom_label=0.7309645, min_label=0, max_label=197);0.7309644818305969;0.6767899394035339;0.23031890392303467;0.6115920543670654
277;Data(x=[41, 11], edge_index=[2, 8], edge_attr=[8, 2], y=34.0, custom_label=0.36956522, min_label=0, max_label=92);0.3695652186870575;0.6768327355384827;0.23031890392303467;0.6169602274894714
278;Data(x=[30, 11], edge_index=[2, 12], edge_attr=[12, 2], y=44.0, custom_label=0.5714286, min_label=0, max_label=77);0.5714285969734192;0.10496243834495544;0.23031890392303467;0.1777946501970291
279;Data(x=[27, 11], edge_index=[2, 16], edge_attr=[16, 2], y=0.0, custom_label=0.0, min_label=0, max_label=13);0.0;4.767102836922277e-06;2.5362647093629676e-08;0.011222760193049908
280;Data(x=[34, 11], edge_index=[2, 8], edge_attr=[8, 2], y=75.0, custom_label=0.90361446, min_label=0, max_label=83);0.9036144614219666;0.6767352223396301;0.23031890392303467;0.6044454574584961
281;Data(x=[21, 11], edge_index=[2, 10], edge_attr=[10, 2], y=0.0, custom_label=0.0, min_label=0, max_label=8);0.0;0.004827485419809818;0.23031890392303467;0.03977085277438164
282;Data(x=[14, 11], edge_index=[2, 6], edge_attr=[6, 2], y=0.0, custom_label=0.0, min_label=0, max_label=35);0.0;9.456640270855132e-08;0.23031890392303467;0.10910622030496597
283;Data(x=[34, 11], edge_index=[2, 24], edge_attr=[24, 2], y=0.0, custom_label=0.0, min_label=0, max_label=38);0.0;2.1791517479385902e-09;1.0372717225079486e-12;0.004324379842728376
284;Data(x=[43, 11], edge_index=[2, 10], edge_attr=[10, 2], y=0.0, custom_label=0.0, min_label=0, max_label=6);0.0;0.03103962168097496;0.23031890392303467;0.31298351287841797
285;Data(x=[32, 11], edge_index=[2, 8], edge_attr=[8, 2], y=39.0, custom_label=0.36448598, min_label=0, max_label=107);0.3644859790802002;0.4371718764305115;0.23031890392303467;0.5259080529212952
286;Data(x=[47, 11], edge_index=[2, 10], edge_attr=[10, 2], y=6.0, custom_label=0.030456852, min_label=0, max_label=197);0.030456852167844772;0.359413206577301;0.23031890392303467;0.5177987217903137
287;Data(x=[41, 11], edge_index=[2, 8], edge_attr=[8, 2], y=50.0, custom_label=0.54347825, min_label=0, max_label=92);0.54347825050354;0.6768327355384827;0.23031890392303467;0.6169602274894714
288;Data(x=[45, 11], edge_index=[2, 26], edge_attr=[26, 2], y=0.0, custom_label=0.0, min_label=0, max_label=17);0.0;4.693366463470738e-06;2.5362647093629676e-08;0.012879864312708378
289;Data(x=[30, 11], edge_index=[2, 12], edge_attr=[12, 2], y=58.0, custom_label=0.7532467, min_label=0, max_label=77);0.7532467246055603;0.4224351942539215;0.23031890392303467;0.3847825825214386
290;Data(x=[32, 11], edge_index=[2, 10], edge_attr=[10, 2], y=31.0, custom_label=0.3263158, min_label=0, max_label=95);0.3263157904148102;0.43712887167930603;0.23031890392303467;0.4733889400959015
291;Data(x=[26, 11], edge_index=[2, 6], edge_attr=[6, 2], y=35.0, custom_label=0.71428573, min_label=0, max_label=49);0.7142857313156128;0.6767463088035583;0.23031890392303467;0.6059598922729492
292;Data(x=[219, 11], edge_index=[2, 4], edge_attr=[4, 2], y=352.0, custom_label=0.82051283, min_label=0, max_label=429);0.8205128312110901;0.6772505044937134;0.23031890392303467;0.6614729166030884
293;Data(x=[11, 11], edge_index=[2, 6], edge_attr=[6, 2], y=0.0, custom_label=0.0, min_label=0, max_label=35);0.0;4.9459802539786324e-05;2.53626932789075e-08;0.036128293722867966
294;Data(x=[37, 11], edge_index=[2, 24], edge_attr=[24, 2], y=0.0, custom_label=0.0, min_label=0, max_label=38);0.0;0.00010892993304878473;0.23031890392303467;0.00968570914119482
295;Data(x=[219, 11], edge_index=[2, 4], edge_attr=[4, 2], y=174.0, custom_label=0.4055944, min_label=0, max_label=429);0.4055944085121155;0.6772505044937134;0.23031890392303467;0.6614729166030884
296;Data(x=[32, 11], edge_index=[2, 10], edge_attr=[10, 2], y=8.0, custom_label=0.08421053, min_label=0, max_label=95);0.08421052992343903;0.12150925397872925;0.23031890392303467;0.2495940625667572
297;Data(x=[219, 11], edge_index=[2, 4], edge_attr=[4, 2], y=154.0, custom_label=0.35897437, min_label=0, max_label=429);0.3589743673801422;0.6772505044937134;0.23031890392303467;0.6614729166030884
298;Data(x=[48, 11], edge_index=[2, 26], edge_attr=[26, 2], y=5.0, custom_label=0.29411766, min_label=0, max_label=17);0.29411765933036804;0.0002608349604997784;6.20419342567402e-08;0.02929878979921341
299;Data(x=[23, 11], edge_index=[2, 12], edge_attr=[12, 2], y=0.0, custom_label=0.0, min_label=0, max_label=8);0.0;1.5779671230120584e-05;1.840450210011113e-07;0.03917417302727699
300;Data(x=[24, 11], edge_index=[2, 12], edge_attr=[12, 2], y=2.0, custom_label=0.25, min_label=0, max_label=8);0.25;1.1110741979791783e-05;6.856500931462506e-07;0.05754410848021507
301;Data(x=[28, 11], edge_index=[2, 10], edge_attr=[10, 2], y=0.0, custom_label=0.0, min_label=0, max_label=5);0.0;0.00044413539581000805;0.23031890392303467;0.11428441852331161
302;Data(x=[36, 11], edge_index=[2, 10], edge_attr=[10, 2], y=0.0, custom_label=0.0, min_label=0, max_label=6);0.0;0.003114465158432722;0.23031890392303467;0.23854370415210724
303;Data(x=[45, 11], edge_index=[2, 18], edge_attr=[18, 2], y=10.0, custom_label=0.4, min_label=0, max_label=25);0.4000000059604645;0.13582322001457214;0.23031890392303467;0.20509915053844452
304;Data(x=[22, 11], edge_index=[2, 12], edge_attr=[12, 2], y=3.0, custom_label=0.038961038, min_label=0, max_label=77);0.03896103799343109;2.2785881981235434e-07;2.5362647093629676e-08;0.04065157473087311
305;Data(x=[13, 11], edge_index=[2, 6], edge_attr=[6, 2], y=0.0, custom_label=0.0, min_label=0, max_label=49);0.0;2.020530700974632e-06;1.840450210011113e-07;0.06967664510011673
306;Data(x=[11, 11], edge_index=[2, 6], edge_attr=[6, 2], y=0.0, custom_label=0.0, min_label=0, max_label=51);0.0;0.0007034068112261593;1.2719103779090801e-06;0.10194624215364456
307;Data(x=[30, 11], edge_index=[2, 18], edge_attr=[18, 2], y=10.0, custom_label=0.4, min_label=0, max_label=25);0.4000000059604645;0.007526158820837736;0.23031890392303467;0.037761058658361435
308;Data(x=[48, 11], edge_index=[2, 24], edge_attr=[24, 2], y=4.0, custom_label=0.10526316, min_label=0, max_label=38);0.10526315867900848;0.007093814667314291;0.23031890392303467;0.02939334325492382
309;Data(x=[29, 11], edge_index=[2, 10], edge_attr=[10, 2], y=0.0, custom_label=0.0, min_label=0, max_label=8);0.0;0.006054046098142862;0.23031890392303467;0.13958002626895905
310;Data(x=[219, 11], edge_index=[2, 4], edge_attr=[4, 2], y=307.0, custom_label=0.7156177, min_label=0, max_label=429);0.7156177163124084;0.6772505044937134;0.23031890392303467;0.6614729166030884
311;Data(x=[22, 11], edge_index=[2, 12], edge_attr=[12, 2], y=0.0, custom_label=0.0, min_label=0, max_label=8);0.0;5.5556679257051655e-08;6.20419342567402e-08;0.01989123784005642
312;Data(x=[47, 11], edge_index=[2, 26], edge_attr=[26, 2], y=4.0, custom_label=0.23529412, min_label=0, max_label=17);0.23529411852359772;6.520084752992261e-06;1.840450210011113e-07;0.025952599942684174
313;Data(x=[15, 11], edge_index=[2, 6], edge_attr=[6, 2], y=0.0, custom_label=0.0, min_label=0, max_label=51);0.0;0.0011115262750536203;2.0073353880434297e-05;0.1352027803659439
314;Data(x=[219, 11], edge_index=[2, 4], edge_attr=[4, 2], y=228.0, custom_label=0.5314685, min_label=0, max_label=429);0.5314685106277466;0.6772505044937134;0.23031890392303467;0.6614729166030884
315;Data(x=[41, 11], edge_index=[2, 8], edge_attr=[8, 2], y=43.0, custom_label=0.4673913, min_label=0, max_label=92);0.46739131212234497;0.6768327355384827;0.23031890392303467;0.6169602274894714
316;Data(x=[38, 11], edge_index=[2, 10], edge_attr=[10, 2], y=87.0, custom_label=0.9886364, min_label=0, max_label=88);0.9886363744735718;0.29647648334503174;0.23031890392303467;0.436147540807724
317;Data(x=[45, 11], edge_index=[2, 26], edge_attr=[26, 2], y=5.0, custom_label=0.29411766, min_label=0, max_label=17);0.29411765933036804;3.2925022424024064e-06;2.5362647093629676e-08;0.01722387969493866
318;Data(x=[22, 11], edge_index=[2, 6], edge_attr=[6, 2], y=11.0, custom_label=0.31428573, min_label=0, max_label=35);0.3142857253551483;0.6766425967216492;0.23031890392303467;0.5908410549163818
319;Data(x=[219, 11], edge_index=[2, 4], edge_attr=[4, 2], y=186.0, custom_label=0.43356642, min_label=0, max_label=429);0.4335664212703705;0.6772505044937134;0.23031890392303467;0.6614729166030884
320;Data(x=[12, 11], edge_index=[2, 6], edge_attr=[6, 2], y=0.0, custom_label=0.0, min_label=0, max_label=51);0.0;6.593435841750761e-07;2.53626932789075e-08;0.05144984647631645
321;Data(x=[45, 11], edge_index=[2, 26], edge_attr=[26, 2], y=6.0, custom_label=0.3529412, min_label=0, max_label=17);0.3529411852359772;3.292505653007538e-06;2.5362647093629676e-08;0.01722387969493866
322;Data(x=[25, 11], edge_index=[2, 10], edge_attr=[10, 2], y=2.0, custom_label=0.2, min_label=0, max_label=10);0.20000000298023224;0.0027447333559393883;0.23031890392303467;0.1347457617521286
323;Data(x=[14, 11], edge_index=[2, 8], edge_attr=[8, 2], y=0.0, custom_label=0.0, min_label=0, max_label=35);0.0;2.073043469863478e-05;0.23031890392303467;0.021426869556307793
324;Data(x=[38, 11], edge_index=[2, 10], edge_attr=[10, 2], y=59.0, custom_label=0.67045456, min_label=0, max_label=88);0.6704545617103577;0.29647648334503174;0.23031890392303467;0.436147540807724
325;Data(x=[32, 11], edge_index=[2, 8], edge_attr=[8, 2], y=20.0, custom_label=0.18691589, min_label=0, max_label=107);0.18691588938236237;0.2424912303686142;0.23031890392303467;0.4099544584751129
326;Data(x=[31, 11], edge_index=[2, 12], edge_attr=[12, 2], y=6.0, custom_label=1.0, min_label=0, max_label=6);1.0;0.0006729685701429844;2.4806781043876257e-21;0.1792791783809662
327;Data(x=[28, 11], edge_index=[2, 12], edge_attr=[12, 2], y=0.0, custom_label=0.0, min_label=0, max_label=6);0.0;2.4067192498478107e-05;5.70923657505773e-06;0.06077801063656807
328;Data(x=[41, 11], edge_index=[2, 8], edge_attr=[8, 2], y=73.0, custom_label=0.79347825, min_label=0, max_label=92);0.79347825050354;0.6768327355384827;0.23031890392303467;0.6169602274894714
329;Data(x=[20, 11], edge_index=[2, 6], edge_attr=[6, 2], y=0.0, custom_label=0.0, min_label=0, max_label=49);0.0;1.3351412235351745e-05;0.23031890392303467;0.2686937749385834
330;Data(x=[33, 11], edge_index=[2, 12], edge_attr=[12, 2], y=0.0, custom_label=0.0, min_label=0, max_label=12);0.0;0.0014271254185587168;0.23031890392303467;0.12963297963142395
331;Data(x=[50, 11], edge_index=[2, 26], edge_attr=[26, 2], y=13.0, custom_label=0.7647059, min_label=0, max_label=17);0.7647058963775635;3.757132071768865e-05;0.23031890392303467;0.03479551523923874
332;Data(x=[219, 11], edge_index=[2, 4], edge_attr=[4, 2], y=269.0, custom_label=0.6270396, min_label=0, max_label=429);0.6270396113395691;0.6772505044937134;0.23031890392303467;0.6614729166030884
333;Data(x=[46, 11], edge_index=[2, 8], edge_attr=[8, 2], y=2.0, custom_label=0.01369863, min_label=0, max_label=146);0.013698630034923553;0.3533647954463959;0.23031890392303467;0.5436856746673584
334;Data(x=[219, 11], edge_index=[2, 4], edge_attr=[4, 2], y=273.0, custom_label=0.6363636, min_label=0, max_label=429);0.6363636255264282;0.6772505044937134;0.23031890392303467;0.6614729166030884
335;Data(x=[41, 11], edge_index=[2, 8], edge_attr=[8, 2], y=27.0, custom_label=0.29347825, min_label=0, max_label=92);0.29347825050354004;0.4864371120929718;0.23031890392303467;0.579070508480072
336;Data(x=[46, 11], edge_index=[2, 8], edge_attr=[8, 2], y=106.0, custom_label=0.72602737, min_label=0, max_label=146);0.7260273694992065;0.6768840551376343;0.23031890392303467;0.6232746243476868
